Address,Total Staked SYNR,Average Staked SYNR,SYNR Passes As SYNR Equivalent,Free Farms,Guaranteed Whitelists Turf,Guaranteed Whitelist Farms,Entry to Raffle for Guaranteed Whitelist Farm
0x0cd24d1537568f82237AC7d076D9418dc06b79d6,13076341,13076341,0,2,2,2,0
0xfaCAA385E2E81623C8cADA6d847aBf0814624b52,6666666,6666666,0,2,2,2,0
0xbB7DDaB6fD9B3A3c5f959cf2F7dB69acbe54c184,6250000,6250000,0,2,2,2,0
0xDa1EC4dA97019972759FedA1285878b97FDCC014,3132663,3132663,0,2,2,2,0
0x3487bA6A9c9FEA8AfAb35ebdF48B3A27532B7915,500477,500477,13,14,1,1,0
0x928c7D940ceCEd2f9AC6bAba5f582B18Ec1C7aBF,2666666,2666666,0,2,2,2,0
0x2d51caB9CE3dBACDA14aa65C5236D73b583bd156,2385722,2385722,0,2,2,2,0
0x8ee08C2ABB76488793b3204E75a4FAecd611E59F,1920000,1920000,0,2,2,2,0
0xbc8E4C006Bd1B96C1a50E8727F0b10874e6b261E,1830928,1830928,0,2,2,2,0
0x3aBcB5d5FB4044620c319bB63c5540a04e024AA1,1819474,1819474,0,2,2,2,0
0xF153BA46b70363A887ed7cddf87fbcbf2005D621,1000421,1000421,4,6,2,2,0
0x4eF6511BbbEcB6a0F663638cF22381364763FD71,1000100,1000100,3,5,2,2,0
0x2B08254f95422d7FdBfDE173E453e1F7e31C405B,1538461,1538461,0,2,2,2,0
0x88FeaD4cBc338F54C6a1517303cf79B3a03D7A2b,0,0,8,8,0,0,0
0x18e3398cAd87b063817B45D21684aF908e207468,1407956,1407956,0,2,2,2,0
0x233A515c1c3Af772509fB14cCa5F37072aa2a070,1374115,1374115,0,2,2,2,0
0xAC8869fcFBdEd40cb65450Abd4DB1A9e380aC7DD,1000000,1000000,1,3,2,2,0
0x1f15d72245348cf28d060e5BE2eD25a948B2f222,720056,720056,2,3,1,1,0
0xDCF723610fdeB412A9Fe17AE9C2df98c2CbCA10F,1062831,1062831,0,2,2,2,0
0xd341db5BB6176bEDB6c3e62Aa5CC07088325b7aF,1047808,1047808,0,2,2,2,0
0xd04111Fc8F4e432CF41166Bacb88994F7cbF3ff5,989605,989605,0,1,1,1,0
0xC485EE59d1D69f44d87c0545Ca1c641E05d04a76,607722,607722,2,3,1,1,0
0xeEF94beD5a0C474794DB4bd2f28f3fe705cDEae4,768550,768550,1,2,1,1,0
0x9cc5EA498eA8466b9BC6bBff1775B81Bbe1E6719,945204,945204,0,1,1,1,0
0xb91bBdE050F65b0334aaD44ff05898F30daa3875,743618,743618,1,2,1,1,0
0xeCeCd4f560161e0A12C8673DE3073aAEB3c47e1D,881056,881056,0,1,1,1,0
0xcEC87a49Fec7aA9e2A4AB8Db6C1C5056f3511249,866841,866841,0,1,1,1,0
0x079f0F0423b181EedC71e9b2eD6b15B1d957c5Ac,500100,500100,2,3,1,1,0
0xae77f2A6D9E52db6a9761F13200093868aE06255,852661,852661,0,1,1,1,0
0xCa27f3B574d9AeA4123cCC397ce4110b48CD1521,833333,833333,0,1,1,1,0
0x29895a3092Cbe1dBb7f2e65358978747341dbf01,291602,291602,3,3,1,0,0
0x2d98E26d0C4555C6Ca8BeA476134E5B899b6838d,753782,753782,0,1,1,1,0
0xc0Cf3f7ab953fE6ad5d90E4396601DA6F5C3c35b,751591,751591,0,1,1,1,0
0xbd101FFfAC618cc704F005315143dd63b445C5E7,0,0,4,4,0,0,0
0xA3b0347C211aCD972891803a49Ab28D632Eabf75,706618,706618,0,1,1,1,0
0xA60A3b210e9776B223e14B51C4285e034715C9b2,698168,698168,0,1,1,1,0
0x38cA36df97De1a5663342B832481D94355ac9D27,507000,507000,1,2,1,1,0
0x131cD5E746Fa428C80b34A70b136C36722C613ae,683707,683707,0,1,1,1,0
0x9B2b533Bc29e7555DF042C58415495812D95048b,500821,500821,1,2,1,1,0
0xf65d2EFc1fDA19847Fd82a48A122B73f0e3B84D0,315972,315972,2,2,1,0,0
0x9f85969E627B8E6CEA07AF65ea2DFFCacFd76556,663195,663195,0,1,1,1,0
0xB981290d9d804075986482F0302c03A3Cd2aFf32,641025,641025,0,1,1,1,0
0xE8C836220F0E7f75DE25108027fBf65559DEd97E,88000,88000,3,3,0,1,0
0xf28BdE07be3517618913438F4f4448Aba4A816D9,250010,250010,2,2,1,0,0
0x84bA38696f4F2dbCb88Ec2C5F82d24A074d2E6fe,591661,591661,0,1,1,1,0
0xeacb9f0d1C8186eb2aCa48a89Ee01ff6De3bc28a,571772,571772,0,1,1,1,0
0xdC9C1e1d7d8AB77aA0090fB981a811f3E5127484,379582,379582,1,1,1,0,0
0xfa98bCb727c284897f4fD75BEabC9201011D0e93,542007,542007,0,1,1,1,0
0xf030FEe72b6dCA0367ceBb133d6E751Ae27d6a76,531962,531962,0,1,1,1,0
0xc42adD8541a7111bb53D1d0C7f379a0d981c9a98,507561,507561,0,1,1,1,0
0x78Ffa27D122043874DBE879B7173180FeD3ccf1D,504864,504864,0,1,1,1,0
0x1fEAb880bB6E81761920C7314BF1789d3325Cd33,313439,313439,1,1,1,0,0
0xBcC13DdAc2a722afD9348ccfD31fdC95F79a6277,300476,300476,1,1,1,0,0
0x529051F57Fa91c60044d4C523A4A24B058b8278A,286956,286956,1,1,1,0,0
0x98C7e670D808E02a2fd4099ADc52987c2f43d1aA,281848,281848,1,1,1,0,0
0xF89d3C2D33835992b48F37205E32EA68c7680dF4,100996,100996,2,2,0,1,0
0x09422B8178e516c76874EBF162df6df439f0d95b,442088,442088,0,0,1,0,0
0xB78AB8c7268EC59DD324a2E3BA6A359c20a54D46,260000,260000,1,1,1,0,0
0x6B3FE9b09B65AD7235AC8265B3B51699F2813e9C,257834,257834,1,1,1,0,0
0x1db36587e47a48D9534D5a4a5dBB6d10C8726db9,255181,255181,1,1,1,0,0
0x81e3C9dED64CAF37ee5fFd643637E1a97CD64F5f,255098,255098,1,1,1,0,0
0xBAfD1aF4F0CEa198396d5a3087219497Ff7dcaB0,253985,253985,1,1,1,0,0
0x9b136F12d78f68b078d80e242606422c64Ada80C,251764,251764,1,1,1,0,0
0xD4852b7419F58793EbBE66F2c1382a10c8f6A9FF,251593,251593,1,1,1,0,0
0x15938984172df4ee65582c697316B08a5e6de452,251167,251167,1,1,1,0,0
0x8Ed1bdB5bd669Be2121c48A6D178CAB35BCb43d0,250700,250700,1,1,1,0,0
0x97e142399C4CbA7B4d36b40aa767F9643B34978d,250089,250089,1,1,1,0,0
0xA697765F211951c6dA378Dae4D69BA0a39881bFb,250001,250001,1,1,1,0,0
0x4D1750f3aB3e746538F302b9dEd3Db31317B64A7,248952,248952,1,1,0,1,0
0xC5b507d93F2EEa432601B43fC9c85FF226fccC33,428728,428728,0,0,1,0,0
0x194728F4A40f1a22ec1A84DfDbB645Cd870e0Efb,416666,416666,0,0,1,0,0
0xae74f7B79D3e32A819675403e54A550824C0bF02,233154,233154,1,1,0,1,0
0x1e00B459fbdD319ea26e8D764ffd3c968C9d2E34,50112,50112,2,2,0,1,0
0x348AaC0a9935277784f9fF6fACBe4B202f02e6a1,230000,230000,1,1,0,1,0
0x9065BEE921567772854C38b826a794349f5eE2B5,209340,209340,1,1,0,1,0
0x7fDbdc0C1035EdA3C53F14EEb5bc4C5C0997B9c1,13728,13728,2,2,0,0,1
0x0A2809076b654D6951E41b03568F16717a50Af4A,0,0,2,2,0,0,0
0x94bd3400e28a715e8C078117B61Ecf678139a294,0,0,2,2,0,0,0
0x833186a107A881e7A39DA9D88999f55dc7350CBe,0,0,2,2,0,0,0
0x2829DFDC378C507c3B2D80EF5f99B1F199573FF3,0,0,2,2,0,0,0
0x5a04f936Fe3CA669a70223FA1037B56d16554142,355997,355997,0,0,1,0,0
0x58bb899309FEbC5e7eB9557f786995050cAf5593,354772,354772,0,0,1,0,0
0x7764F37E255B12B02e6936B7a060ea73EC45B431,172132,172132,1,1,0,1,0
0x82d9C110993e51170Bf2b70168f7E0077E17d178,351684,351684,0,0,1,0,0
0x50e560e7cB99e321c110EEE560a2Da8364a290F9,162000,162000,1,1,0,1,0
0xD7fb647C0F165FF9849fe97F62a0389c77C4C55f,336767,336767,0,0,1,0,0
0x19b61eafFb794680C94b4729263FbA1f272649B5,333333,333333,0,0,1,0,0
0x8c3B60A48219dB57da76b34f65c3BC69Bd91110A,333333,333333,0,0,1,0,0
0xca0b43613E6639cEd88c5e55780Ec422cB5EC8Bb,332096,332096,0,0,1,0,0
0x34cadF09dbf50a39D1a68b87D7763DB3961ef483,331179,331179,0,0,1,0,0
0xBA9c4D1DF8c2F7D1EbF3A9F6b34D04a552aAbD6e,329217,329217,0,0,1,0,0
0xdc360e2A31cDABAFdF92763999e38D8D732F0c03,324480,324480,0,0,1,0,0
0x4c9C3626Cf1828Da7b58a50DC2F6AA2C4546609e,142605,142605,1,1,0,1,0
0x277B457fcCd42b7d1ab0e67d79b49ddf749546a6,140703,140703,1,1,0,1,0
0x43Fe1FFA9a9653C55890177383d770b8dD250F6a,318082,318082,0,0,1,0,0
0x4f73E33721eDc1EcAe5A45261fBe6C0bC4Fb1685,137652,137652,1,1,0,1,0
0x6fD6ba886ccD6F11db57cf9Cf6429F07AEeA63Ae,310179,310179,0,0,1,0,0
0x6a74DF3e3B2BBC7D1BC4ceF29543fc41C86c452e,127000,127000,1,1,0,1,0
0x8BBED2f009D9d0e51DDF7bDB6Ef240C4426F7C93,303363,303363,0,0,1,0,0
0xA58482fa5cBf5Dc3fF64Bff64051090137B03Bd5,300000,300000,0,0,1,0,0
0xEaf365c1AADf5fc4eb51518fcd27E64221698025,300000,300000,0,0,1,0,0
0x0578cAbdcAE3A3C4e1Bf8B386754a9Aa63F6Ba65,288642,288642,0,0,1,0,0
0xBDE57910f8B6F440860eE97851d847c61C88F861,278369,278369,0,0,1,0,0
0xabCac8056859342f2f5443995E2456531E9C1c94,276131,276131,0,0,1,0,0
0x9533AaFeF1674c853A46A92508aa0a57460649Bc,266045,266045,0,0,1,0,0
0x0D734AD7591E5b3388555639653Dd82edF80b5d2,259400,259400,0,0,1,0,0
0xC409ad6C5c6150d38dd9a3Ca08577463a32D931E,258999,258999,0,0,1,0,0
0x1a23e175222dB2fd68e9f44Fd136486E05310E7c,258428,258428,0,0,1,0,0
0xf628cE0687d35089FBef40aD3680356E7B638863,77717,77717,1,1,0,1,0
0xdD9dcB09381c33782A30Ea72C530b67A62518188,255569,255569,0,0,1,0,0
0x4658D8e00dB12575E1D83C90D2CF317b4Fd619C9,254137,254137,0,0,1,0,0
0xeAbaF68F3E9Ac0723E1c41f8C785255bEd4D4ae1,253966,253966,0,0,1,0,0
0x7E2Eb68f349e15632723bE7F95eE43B8339324Df,253744,253744,0,0,1,0,0
0x8675c727af3687A10e39904C2C39566392FB6410,253738,253738,0,0,1,0,0
0x0CD0a37c85030460bc3c83a2e60bF2406718cC97,253659,253659,0,0,1,0,0
0x14aDBC8572a3465b2ecD36eb4C95C9C9c85b5cdF,253500,253500,0,0,1,0,0
0x99c444B79703E4E95b21b4732b389eF49b81A1d0,253375,253375,0,0,1,0,0
0x941795EC06d62672C48138e77AD0B7A7b905ADCd,252038,252038,0,0,1,0,0
0x86E4F4AE2e09bcEc1dFDeeAa7c378821e56b7b3e,71502,71502,1,1,0,1,0
0xf7dF16F633Adc3F8018CA07D70f7AD72326F18E0,251003,251003,0,0,1,0,0
0x1eFcFA6055F782a9c6d5091e9Fa1E5a673574AD3,251000,251000,0,0,1,0,0
0x365301f69bEA22F92a572b15836D3a643A757f80,250109,250109,0,0,1,0,0
0x88046FA2b9a9e4B44B7722c9Cc317B8407a24DD2,250001,250001,0,0,1,0,0
0x88aa10d71ec0e84a4FE1cFA0797Da830D24c029A,250001,250001,0,0,1,0,0
0x9944883DE083fD1F87a206D09EFf490f626D7AA7,250001,250001,0,0,1,0,0
0xfFA7A5E6401257460aDf8e6F76E6d43F813704C4,250000,250000,0,0,1,0,0
0x59FC43183C6b3E874d9F7eeaF79A0F708A8Cc08D,68235,68235,1,1,0,1,0
0x95425e5abb5CEce0C5653DD77bE02b7913e53488,245708,245708,0,0,0,1,0
0xb299D1c0904691B3EBCB337293bd5eD657036eC1,63631,63631,1,1,0,1,0
0xfc2De7d47C02f80Ce439950c5Fe399Bf87898672,237179,237179,0,0,0,1,0
0xB885Cb7070A084A4Ae2de3F8507927fc213998DF,56500,56500,1,1,0,1,0
0xF22Ea607A889EB21451e3f52C9D191da49Dd8836,55426,55426,1,1,0,1,0
0xAF6E064Bf1d7AB04054F3D027429C9fcAAfb9eF6,233270,233270,0,0,0,1,0
0x5b0d1192cCf825DB63D9371d4380f880898e3354,52930,52930,1,1,0,1,0
0x4627F3CF823416E7E4F56764492455061776bba3,232443,232443,0,0,0,1,0
0xC2978441F46a76c60e0cd59E986498b75a40572D,50796,50796,1,1,0,1,0
0x1A5A74DF8E578CaFc56c99C655fB8eAF6692Be6e,50002,50002,1,1,0,1,0
0x59c33EF5CF07e2b7df5d8Ac8Ee931F0E39047A23,50000,50000,1,1,0,1,0
0xeEa1DF0EF4E90154fC893503c5F05c30bBD4e885,50000,50000,1,1,0,1,0
0x151bBAC261D878C4Cc11FBC8c2293831da71C2d8,224846,224846,0,0,0,1,0
0xE131b551994f56d1CCa7bDaaa18E94Fbf80cef7E,222222,222222,0,0,0,1,0
0xAEFB17544Eebfd18e2F5FdFDa43B5Be69Baf8246,41991,41991,1,1,0,0,1
0x848b7CD28E797d4CE2B65fD52049AcfFD0cc8C69,220942,220942,0,0,0,1,0
0x98FD7670F441E3de7f071C0aCFb1Fd567998C8d2,37952,37952,1,1,0,0,1
0x07e7CBa9F29c7732F1c87e018fEBbD13E2f264A5,35591,35591,1,1,0,0,1
0xf0deDE477E1F4283C8Bd47d8D7E21Ee7C7922E12,211673,211673,0,0,0,1,0
0x96DE627bE6262aD2E19553824aAD1aF6Ba1eBe9B,30000,30000,1,1,0,0,1
0xa2225b86CCB530ac9a81D41a3d17ab643A9f7c8C,29035,29035,1,1,0,0,1
0xb9F686e51038A6F05Ae7D8d18Ae8F1D4c7f6dcF0,208333,208333,0,0,0,1,0
0xb1e5B583780d2D97B0E75F3C58dc0751444871f1,26471,26471,1,1,0,0,1
0x4662d29c6384f8050FD19Ef99DD0Dc7a8751737d,206460,206460,0,0,0,1,0
0x68eFB8eADDB7d19E4159d8c0167c92d0a5d63b17,204418,204418,0,0,0,1,0
0x9E97Ebb3BA5e751dcbD55260CE660cDc73dd3854,202117,202117,0,0,0,1,0
0xd9eeb6ac27c3A5eE37F967EEFBd5D7A33bE5ebD2,21422,21422,1,1,0,0,1
0x020D84A6D752EE2ed50937f565b5f13907bDFd83,201229,201229,0,0,0,1,0
0x1E545bbb0cC33163fED5339f7a72167B53EdA13a,20832,20832,1,1,0,0,1
0x069aA49aB1F5eE49A24ccC07E3AbfEC36846Ee92,200000,200000,0,0,0,1,0
0x73E9411A0e782b62887c6A3423aDFAFd747301a8,20000,20000,1,1,0,0,1
0xF249b54d9bdC58906516e3094caf9Ac3DAaa9999,200000,200000,0,0,0,1,0
0x253a41571830Dca332724DFF29Afb8960ffcCDf6,19996,19996,1,1,0,0,1
0x7cA4c6dD8e8754e9A767D21e0542549dA58dd374,198151,198151,0,0,0,1,0
0x81e970671207196A3Cd7CDc53e3Ffc6dDA245f86,196072,196072,0,0,0,1,0
0x62F3ef881A51184c5E21Ea195aA9fFbB3e55f078,194958,194958,0,0,0,1,0
0xF6C9692A490BAf4b4dfa9BD1c9fc4438c38b5321,12146,12146,1,1,0,0,1
0xD2fB4a17fBF9016258EbFF090BcE3f9B6eB49116,191179,191179,0,0,0,1,0
0x777d92Fcb83Ca9131B05ce579D9A951019c4Ca5c,10480,10480,1,1,0,0,1
0x71039d40ad2123b23FDFfe56453E903a515E5ac5,8933,8933,1,1,0,0,0
0x456Bc9ef9b60b6EB5A75f6F1AD6F9b1af5478C30,188726,188726,0,0,0,1,0
0x38671F9A37bD37EA52aD63182D3Ff6a64e2692D6,8355,8355,1,1,0,0,0
0x38FbDBbc8A757d2a4Fb245B51f51256fDeC911F0,188256,188256,0,0,0,1,0
0x5b66BaCeE03C04e8a4afA353995709e3aeBbcbFc,187695,187695,0,0,0,1,0
0x8Fc87c199203332c1cc43430b9FaD2B1868E44D0,5249,5249,1,1,0,0,0
0x3F6D62DA04f6B3F3fc0dDeFeB17543fAc278e383,5238,5238,1,1,0,0,0
0x59278BEBaDE8984f8B9d7092aA6455d791064b4b,185100,185100,0,0,0,1,0
0xcAF86e1a476cB582493529Caa4beb39c319018F1,184888,184888,0,0,0,1,0
0xc6579d77928EcF0462142D1E4D959B95aa0852eA,184882,184882,0,0,0,1,0
0x3655810F2eD910Cb72401B00261C33Fc2FD19B21,182285,182285,0,0,0,1,0
0x728F1973c71f7567dE2a34Fa2838D4F0FB7f9765,964,964,1,1,0,0,0
0xF79765D064B86648C7C01F55f9eCB5ec5D3A7d4b,800,800,1,1,0,0,0
0x1fDbFfD0d8e237E64E68A904c2a6F447a1aD5C90,0,0,1,1,0,0,0
0x6707b67dA257d77DDAe75D24476436e608E45c09,0,0,1,1,0,0,0
0xe481BD03D8fAF78cc18bDD0118073007EED82f67,0,0,1,1,0,0,0
0x3De6A9B46E4840F5D235626CF07fE48a7e044fB0,0,0,1,1,0,0,0
0x2EFEEb8D5Df533565a44F1A1ACf12Cd5B46196CF,0,0,1,1,0,0,0
0x3dC7F8850CbfE558eeE8442d553fdE8eb49DcF5D,0,0,1,1,0,0,0
0xa728ba7C90AFC95423aA00bb9bbcBe68fd80be5d,0,0,1,1,0,0,0
0xf5Fc69ECd8DdaAba72B73830b02592200bB78918,0,0,1,1,0,0,0
0x5d73eEe7E0d8C955F9d442B12d463B4c5B8e7dC3,0,0,1,1,0,0,0
0x77Ed421D98BF2fe6542Ae6EEeD341B759C6E764a,0,0,1,1,0,0,0
0xe1645f135525ba04C90235718b4C33c995253e16,0,0,1,1,0,0,0
0x4Ed78BC2FCFF4441dAb71fc8aAB65FF94D18dB15,0,0,1,1,0,0,0
0xf02aaeA623E7C0AC779D68d734BEd438e67775Eb,0,0,1,1,0,0,0
0x245Ca790317489C2252F63b95Dab698C7955a9A3,0,0,1,1,0,0,0
0xDCC9F7368EE6636FC2f7A02b713072D75474D9E6,0,0,1,1,0,0,0
0xf1439E1D1EfB1a90983a6Ae306cE42B6921e093b,0,0,1,1,0,0,0
0x5C4e877b3f410d4c505be0D8D3d77cC34cEae548,0,0,1,1,0,0,0
0x7BC6230B10824e28c57aE71fC98d80A4988F11a6,0,0,1,1,0,0,0
0x78834B429d868108d8f9b4dB9B0348EF2BC23257,0,0,1,1,0,0,0
0x5D20e6c0DB887B5c3281EdfCe5BB7677565e2B8f,0,0,1,1,0,0,0
0xA6A88909c58640deBDf86FdC7179A25e036378b3,0,0,1,1,0,0,0
0xC4f2C31F364423c3BFfd766c9B320f5eC64da64e,0,0,1,1,0,0,0
0x43Ec5640E18F7384761d8817AA55d38C9a03D855,0,0,1,1,0,0,0
0xeFfeC91cF9CEd27dF6dD9eBC9D465E5D14db2618,0,0,1,1,0,0,0
0x3164ed5B9D37Ac9619aC5895CA33F308aB02a053,0,0,1,1,0,0,0
0x310115b783a94C6Fc371Ed03eB7d3fe15b1D02e2,0,0,1,1,0,0,0
0x8F42E67db71a3542E4398b138C5CE8Aaad694aD6,0,0,1,1,0,0,0
0xD5c69ecCc7d8e0c124c205328cC6CEC584b4E15A,0,0,1,1,0,0,0
0x7aDBee9c890eb294A816a0aAc5507cc1DEF53598,0,0,1,1,0,0,0
0xcAC3dce2CaB052B903dA719F99Ed182bf7A22fDb,0,0,1,1,0,0,0
0x1c16BE3c5D62842D950eFA6675214aEca45ABb1f,0,0,1,1,0,0,0
0x3d78BDB36f63aFA32973bF19F5c689bEA9627F03,0,0,1,1,0,0,0
0x9c709C02b87072C8599c5416617FD259D334EEf2,0,0,1,1,0,0,0
0x1643635228eda7c2c82F05B520FE755EabAed547,0,0,1,1,0,0,0
0x935002727A6EBBcaf01a0039DB0e6B1f9C175f0b,0,0,1,1,0,0,0
0x556501B3A439f105f14ddeb5D96a892f9E3502CC,0,0,1,1,0,0,0
0x3500e121e102C88cE7cb92dd4A8B074CCF704560,0,0,1,1,0,0,0
0x1e57EBeA7b301877B925551dB9c2eB2917537681,0,0,1,1,0,0,0
0xd853eb73b3657CbCD32438289F2C89A4b487FDda,0,0,1,1,0,0,0
0x5b49F719262FFf473628E2223971a0Ba2cafa62a,0,0,1,1,0,0,0
0x502a4beC9AEb8Afa10408FcCb89361FB206DaB78,0,0,1,1,0,0,0
0x682955aC3cc48433060e40200E214Bdca6b40Dd4,0,0,1,1,0,0,0
0xC7DcfC4873f4DA211da8C255c9F1d2B18713845F,0,0,1,1,0,0,0
0xd88DFEa2ddB0d73C23A3710bCb572fe58589eC76,0,0,1,1,0,0,0
0xac905fd0B601bEb21E1cDDc9d6Aea64Bebce855a,0,0,1,1,0,0,0
0x750554C8CD238765FCDe9467E33E6e6d595265F2,0,0,1,1,0,0,0
0x0351788F4e05FF3C40F601B5FA6ba4B6E44633E5,0,0,1,1,0,0,0
0xC1Eab99C6F2cd06ad1C60e5b642BE32C3c874613,178588,178588,0,0,0,1,0
0xeCedfe638f467D4b7429f2d945b2b68bc8bdEEd7,168940,168940,0,0,0,1,0
0x5AcBD3b267d1D5e95E26ED97C1856c6Bb4BE8f28,162457,162457,0,0,0,1,0
0x66237762E7e79cE1A2145e9fCF1eEa0E6Fcf13E0,160788,160788,0,0,0,1,0
0x8c9AeDBf42Be2480A0f6d1153d2323cD72d0065f,156160,156160,0,0,0,1,0
0x4A7998DF2Cd16815271bb6b7d3aE7EB30f50a73a,155560,155560,0,0,0,1,0
0xB4238F7C5B5E117CaB8a2AF7e414c8882316D37A,155289,155289,0,0,0,1,0
0x318F66a11f2eC1c1B9Dbe8EB4CdCaC59Bf1a75CC,152990,152990,0,0,0,1,0
0x84413eae165db6D3b01CF5d4049bBB609aaF36Bb,150100,150100,0,0,0,1,0
0xE162c3558d67c79C039Db752F0efE0C0E13cFf5F,146918,146918,0,0,0,1,0
0x600a2472cA484Cb32CCea76Eed83D8b37eE2C3Ae,146048,146048,0,0,0,1,0
0x32ec75EA9Bd4587DC59DE30806D1c0efdbD97F4d,145431,145431,0,0,0,1,0
0x4eb0bBF9d3019E39eB3e5a0657Ef20Db65879982,143636,143636,0,0,0,1,0
0xAe782a27021A169980f0583164e4C1644DfeD8fE,143530,143530,0,0,0,1,0
0x0e5222F40A40E3603895B55c54a93EDD2Da24529,143423,143423,0,0,0,1,0
0x9c948C1ED3cCF44D1eeA70519b2deC2AC9878Bf9,141992,141992,0,0,0,1,0
0x7846552f78C0e73405bE3CF07305071e47815ed3,140578,140578,0,0,0,1,0
0x87AFaA198117496bCe792B6A5DE3b33ba7cAc73f,139618,139618,0,0,0,1,0
0x776df3FCd71E6286cD133f37d0E184eE94Dd766C,138297,138297,0,0,0,1,0
0xC261924c9EB7b02EFC14027B707b7F2daf890D27,134490,134490,0,0,0,1,0
0x7ab1475ab635B6b28cb705B58B77CBFcb9f2B4ec,134222,134222,0,0,0,1,0
0x021D3D3a143c84256ce8e00db8813f7E8d6d56EB,133362,133362,0,0,0,1,0
0x68303a858D10f9cfF32373e3f5Ca6B2a13Af8c3c,132658,132658,0,0,0,1,0
0xc4979DCAaea6C93E2107C2AC97A7378472634A33,132616,132616,0,0,0,1,0
0x32B89dEa9Dfbcf19760CbeA6eB52261C6c2642EC,131329,131329,0,0,0,1,0
0xDc4A381246357db903B6c53D1a9A9dd4fE878271,129398,129398,0,0,0,1,0
0x834956B6be4991bBc8b36e5b4a9Fd5e17c8A0352,128720,128720,0,0,0,1,0
0x4757DE3285c5C39Ef9D26744a659E5C6935C0c55,127892,127892,0,0,0,1,0
0xf573167C4208988165b0426573393C9D1295D485,126923,126923,0,0,0,1,0
0xea16Ab591cF88b800A32f3066BB5de4A6dDbF579,126177,126177,0,0,0,1,0
0xaD8c10e96A73ba284dc034138C29CE018f43D451,126174,126174,0,0,0,1,0
0xd6134e0c5A4f40233b2327E9E54a9a41C78F16A6,125836,125836,0,0,0,1,0
0xD84aE95Edafccc6374AACF41C60b181680629Fc5,125181,125181,0,0,0,1,0
0x73dEAEB8aA241b6fcdB992060Ae43193CcCBf638,125000,125000,0,0,0,1,0
0x43eEfeDC814829e495847e953013E59FB35622B1,123989,123989,0,0,0,1,0
0x148AFbce5CE5417e966E92D2c04Bd81D8cB0e04e,123517,123517,0,0,0,1,0
0x3d9E0EeAdEba68495D6d8974Fb81AabD726149EB,123230,123230,0,0,0,1,0
0x028158dBE6984548FADB6185C4A4ad3F706f58c8,122123,122123,0,0,0,1,0
0x81549B07Ae76cD1f0F79193486E63e23A35Ec51c,122099,122099,0,0,0,1,0
0x5ae0BB3a195EF65382FD0f39165FD5CeD70ADc51,120491,120491,0,0,0,1,0
0xa0a4779d81B07e9003051ABb6DeF66D90dF1DD60,120302,120302,0,0,0,1,0
0xe2F57dECc5197aEAd4B460401E822C4950DE1EfA,120000,120000,0,0,0,1,0
0xB8e09a9963E82dcF2A338A1149316d9021ea9E10,115100,115100,0,0,0,1,0
0x49E6E064101034e0E67f43f80F52Fee8c3a1d761,115000,115000,0,0,0,1,0
0x21b43179E68cD635Cf5fb19538B97C5648dBf685,113573,113573,0,0,0,1,0
0x32ae1296991bb85183AC7fCB3001E6A3Ac125937,112464,112464,0,0,0,1,0
0xA14D96C7F55386E6d1FE544A728FA170E4bA986a,112363,112363,0,0,0,1,0
0x35c87D026031C5ac42924dd807Aaa6Cb80D84A33,112114,112114,0,0,0,1,0
0x694EE79D003cc2600F1e0682A91Ab6CBCa21dF99,111111,111111,0,0,0,1,0
0xB6B221851807c21ef8278736885960a99ab768a9,110379,110379,0,0,0,1,0
0x88573B505E2c588C7C14c66DdA0264650FD774Ce,110094,110094,0,0,0,1,0
0xc17A878D9c03B8191275F85fd8f4dfb76137D807,110077,110077,0,0,0,1,0
0xD74D6B7Ca81Bec4666415C37020607D3eCDF7E0D,109613,109613,0,0,0,1,0
0xd80eaC8E5871C96FB242cC5bC3D8c4EB73459dE0,108950,108950,0,0,0,1,0
0xCF0127C1210f3FBD3c9EEEc3d8f3FD9DbcAB9040,108911,108911,0,0,0,1,0
0x52a7bE742Fefd89a057460AbAB2777d548447883,108793,108793,0,0,0,1,0
0x337ab2c4e48b8b65Da792c22665282184f9E5AA8,107874,107874,0,0,0,1,0
0xF9A79B4D7634989680E2bF3Eb92FEb46E73fc507,107221,107221,0,0,0,1,0
0xbBFC75D703e19a1222F80Eb943a56752b5cf38bf,106945,106945,0,0,0,1,0
0x07DFDf8c15cD738d0d85830127646FB6B2e4CadD,106813,106813,0,0,0,1,0
0x6C025d31aEA85942488c9a67E17138B6752b29f8,106591,106591,0,0,0,1,0
0x4d54D0F0b1C7CCB1064A67f4CF7286c93fEC3EfC,106016,106016,0,0,0,1,0
0xf4ae0351CEa126DE50B469Baf0f730F01204a804,105592,105592,0,0,0,1,0
0x5cE8598DC549184b539406FacC1a7538c497FAB3,105470,105470,0,0,0,1,0
0xFF997fA97519563738705B72fFB97Da25601e604,105092,105092,0,0,0,1,0
0x9CD1476aCEe37f12044835a955906d24c752c083,104999,104999,0,0,0,1,0
0x2c62d3AF03AAd08a11526505e7Fc593E1E537a3D,104629,104629,0,0,0,1,0
0x50864e33e28a68d7F60FF449a7b8F2BF6BA262d3,103237,103237,0,0,0,1,0
0x774A00c311597E965C82e927c5884Eb5b7b2c4e2,103120,103120,0,0,0,1,0
0xbaB7CebeD2d3CDD9Cb9F5972139e5715CCE79148,102355,102355,0,0,0,1,0
0xAe250038133696ACCcBf24B28D04DCdd9090D256,101779,101779,0,0,0,1,0
0xE20c70cfBf0Ba8586013848A1913C28f9159b5DF,101650,101650,0,0,0,1,0
0xaaB86239606e1755abDe3C0cCe833340b2A88c72,101389,101389,0,0,0,1,0
0xE15ffDeb737b32fbcC2F3EE3FbECeec4050aE0fd,101219,101219,0,0,0,1,0
0xe2443169f25b4a4DEE3A29F7326c1dDCeaFFCA63,101219,101219,0,0,0,1,0
0xd826Eef827d8ED7B566645EfF9E03b07386ef745,101000,101000,0,0,0,1,0
0xB5C6d75678927DdF54B2ea25B87bA5f3588B23cC,100379,100379,0,0,0,1,0
0x9156895F16869D636538187A8CE385C067C4EBAC,100274,100274,0,0,0,1,0
0xB6A37d4bbfEfd7162ED3e253301551eE43a08D41,100226,100226,0,0,0,1,0
0xd4CBD03244aba518dC4dB20f614902B5C19f079C,100103,100103,0,0,0,1,0
0x7854bf8950b82B4B90d9D3107a7db0788c6B9D0e,100050,100050,0,0,0,1,0
0xbF3bfD25E1e8ae2d73e425B2924d6D8091ed7c45,100031,100031,0,0,0,1,0
0x69bAb6810fa99475854bca0A3DD72aE6a0728ECE,100000,100000,0,0,0,1,0
0xA216208daB8AEbA66080129Db856F4A84F0f809a,100000,100000,0,0,0,1,0
0xbE95f030Fe39bdb9Ff8fC249Ac253785557060bd,100000,100000,0,0,0,1,0
0xA7d5d4e47a281Bf4048D4eC5fAe799afad3fBBE3,100000,100000,0,0,0,1,0
0x798F3034B3350C85b63332F4a4773A599307C63a,100000,100000,0,0,0,1,0
0xE4344B1Ce3d141F113d7f04e8DF4F2946DFCE4Af,100000,100000,0,0,0,1,0
0x036d78c5e87E0aA07Bf61815d1efFe10C9FD5275,99795,99795,0,0,0,1,0
0xb0315EAf0633eE4f8E3377e29327bA9782989CBf,99768,99768,0,0,0,1,0
0xf4521a2340E4288A6532e6B95718315eaA063Fc3,98376,98376,0,0,0,1,0
0xFBa82E46F49A4eAA41b0A3d2Bda9649b5e07bB6f,97676,97676,0,0,0,1,0
0x289709ae1e3827efd4736Cc6B7bcCFc973d6750e,96966,96966,0,0,0,1,0
0x25249DAa7bAd5C475C04a57085b656f5BcE91c24,96531,96531,0,0,0,1,0
0x9a30Be6D67e1E8dd86b9F4B3bf473a5CA4fCa0C8,95793,95793,0,0,0,1,0
0x70B7F955d4511172a26C2fc8F656506Fe6CAdeb1,95167,95167,0,0,0,1,0
0x41868152a143ECeAF87C05D8ae86FDc8Cb38De68,94236,94236,0,0,0,1,0
0x1BE030dA218Fdf827ce659D3c4093fdfe50b129D,94194,94194,0,0,0,1,0
0x2Be60116269517eD1ee8cE7CadDB874CE2110BD0,93455,93455,0,0,0,1,0
0xFa50067465f9b082c5ec0af0dd92280332ac4c2c,93028,93028,0,0,0,1,0
0x89477A4a956Ca1B7499CC032DF7Bc7bE3551A3DA,92852,92852,0,0,0,1,0
0x932545cfc65175F80d499c8CfbCcFA2C9214081F,92293,92293,0,0,0,1,0
0x5741779c5CeA0dcdaA1C8Dd8b9bCd1ba1ad56a38,91025,91025,0,0,0,1,0
0x7948cE471b0838F00BC9926b4625075fd702Be63,90999,90999,0,0,0,1,0
0x4088d02D9198FC9471f37ce1789E2c6c9658A9ce,90946,90946,0,0,0,1,0
0x4448E991D47C1d993A21eA4E0B8F037BD3222d83,90000,90000,0,0,0,1,0
0xd2061832A7B4286f0E8Fea090aACf66379dD8f91,89497,89497,0,0,0,1,0
0x6E1510ED41BA743344e9BA80646194351CCa0C7f,89000,89000,0,0,0,1,0
0x957A85E0F23a5C6E1Ca7c8e869fEfD01CC406E0D,88997,88997,0,0,0,1,0
0x3bAa2ABf45A8146EeA9Da9C4B0D1a58f22238525,88557,88557,0,0,0,1,0
0xe28d7E87b0dBda55B5560CB2fc3409CD7d4631DD,86869,86869,0,0,0,1,0
0xd9974e061286b892eB099d8677cB824a6aa3f6B8,86666,86666,0,0,0,1,0
0x1b0A1b00a08b4E9F285C6b43952200a25c4Ce298,86429,86429,0,0,0,1,0
0x7aF7Ae5C640E5D8A0B71f24d6081DD7152FB38cA,86266,86266,0,0,0,1,0
0xCDcab3e5f69F19ea34ED35EA0Ba776242b075353,85861,85861,0,0,0,1,0
0x26eF425B91Cc50168Ce65349CB6d35AAb4f1d912,85546,85546,0,0,0,1,0
0x53cEea0338f3Af74Dd305E526263090575Ee689B,85525,85525,0,0,0,1,0
0x2097A10a6f3965594c3d7f6fb18F2e19f9ab02f1,85409,85409,0,0,0,1,0
0x3629f62129f57CeD1dd5E3d0c268FE93670df5F4,85234,85234,0,0,0,1,0
0x25C2312FBA5289BAe256570eCd35C979E9eD4961,84802,84802,0,0,0,1,0
0x071Fe6456f926722b2731087395a5335612269fd,84188,84188,0,0,0,1,0
0x1C8ecAae2A81c553c8e16FEc35a261784745d46f,84042,84042,0,0,0,1,0
0x27eb98AE167AdD08Dae6bB535bBE3A21F3AA9Ff4,84021,84021,0,0,0,1,0
0x5a33cE0e4B32e592728DC10FD4C2E20d13A8F5dF,83542,83542,0,0,0,1,0
0x115F4A80b292861959c08d9c8eef9e399a7Bb1C3,83333,83333,0,0,0,1,0
0xe51B24Fa0DfCD87285f369E169C2eb903071D5a4,83068,83068,0,0,0,1,0
0xc0E4a8cD5AdfF8bBCC30c0177b3d81DcB66DCcBa,82984,82984,0,0,0,1,0
0x116f1787058A4c9e5c8A8Bd6E4D311EF3C99afDD,82755,82755,0,0,0,1,0
0xEc44b0c98e1d07e2B6e6c26523d1A8A6950290dA,82739,82739,0,0,0,1,0
0x1a9BE5270Fa956af075aAbeaCa971e034ae1E09b,81392,81392,0,0,0,1,0
0x521E6B622a198B91Ac27CD44Fd2264E48b3cF41D,81378,81378,0,0,0,1,0
0xcDd4afF32c042F33867294BE96e7013E69a34e0B,81168,81168,0,0,0,1,0
0xb45B4558cA5f657e8EDBB73d2CDE76A247fB67F5,81075,81075,0,0,0,1,0
0xf4c7db023BF4A3046C6b8fF10D40e8f7C0223c97,80114,80114,0,0,0,1,0
0x654333bc748Ed047aAaF3b8f167585d63982fB56,80000,80000,0,0,0,1,0
0x31489aAB07EaA252ce3bdDDf37DEDB93bD3bf1E4,80000,80000,0,0,0,1,0
0xE147f089D6232d34d25659A2e41Eb2B5C52aE643,79598,79598,0,0,0,1,0
0xBDAefE578294842fB433769c6b0D95130099e96e,78024,78024,0,0,0,1,0
0xdC8EEB01df612a0cCc74E8eed362129bC2186C8a,77769,77769,0,0,0,1,0
0xBE2eE7416674962a203454754b77496E8d5D1f80,77646,77646,0,0,0,1,0
0x18Fb3e8B2182C0cB5237C184D508d4Cc39645895,77555,77555,0,0,0,1,0
0x69ce3d2f13643a0296Bfe511D93838Bc821c296c,76537,76537,0,0,0,1,0
0x8114E78965B7F7e52E35b2CfbE33973a4eF320Cb,75726,75726,0,0,0,1,0
0xb6314005148f51d6B1340B7f021DB8679bd85596,75202,75202,0,0,0,1,0
0xC3419Ec2b8e5425d2301bF7ab1C13b94E7beC178,75185,75185,0,0,0,1,0
0x64eDc71B5A87134f3391906cE7e6624E32883C10,75084,75084,0,0,0,1,0
0x5Cd484Ba55fAf6DaBa94B9676da46d529b189F89,75003,75003,0,0,0,1,0
0xaB6Bb077306a3e905E84329996902e0C7ef4a721,75000,75000,0,0,0,1,0
0xB2312d8CA88cc3093e4403D5f899F1FE657F8C81,75000,75000,0,0,0,1,0
0xdDD8cbdBF508a7aaE565026D607097A282916362,74256,74256,0,0,0,1,0
0x1C9355ca26Ca4D3a6bc9c92ACcb5EB5e100D3b4a,72973,72973,0,0,0,1,0
0x304610AF5e7b105C28C8aa8A72235c1F86F657a1,72873,72873,0,0,0,1,0
0xca67848F4C7AaB216Cc1c6812517bFea04F969bb,72833,72833,0,0,0,1,0
0xa3b08cAa3bDDF3b28F847643d20BbF654cC2108d,72671,72671,0,0,0,1,0
0x3D42De563536d9A07b3450FA42DD4971441F3Bf6,71044,71044,0,0,0,1,0
0x7080320bED0ca0d46585aA8A81bA66880650B720,71020,71020,0,0,0,1,0
0xf1cF42Ae7B29A82D3A7a3555E9792Dc92128b2D1,71002,71002,0,0,0,1,0
0x12F05ae04F72638e7A1B5D43980D9Ac8448BC708,70847,70847,0,0,0,1,0
0x87ed1D1aA7B7E52Db862F85f585E0d233529D4E8,70050,70050,0,0,0,1,0
0x281AaB18eF99FD5Bf063D18237bDbe6Fb8f940DB,70000,70000,0,0,0,1,0
0x2E2711364aa3213Add495af74Ac01D2D72Ecf86c,69995,69995,0,0,0,1,0
0x0C84069d2631c468a74f6de76d4699752E6AECF6,69792,69792,0,0,0,1,0
0x05d03d54772eF6420C56a680A5F5b3DEab6F5997,69665,69665,0,0,0,1,0
0x5D53E83A64f9d4B30024e40794fB7Ca9034ccDf5,68814,68814,0,0,0,1,0
0x71a8659f83052bb43dF12250214e78EB70f00988,68456,68456,0,0,0,1,0
0xAEb98056f45011AF90e0DC650c9FD03fB11E5ACc,68414,68414,0,0,0,1,0
0xe299E8968612255372D5E6C3a1ff251350fF2F36,68400,68400,0,0,0,1,0
0x72Dc1688a50d794bdc1fCEB3282aBf9bED228122,68302,68302,0,0,0,1,0
0x37C071f2E260F5A2957d1a55A3941cD3591683aD,68047,68047,0,0,0,1,0
0x110260B429c71170305187425Ef3711D92858CAa,67918,67918,0,0,0,1,0
0xEF0bde602d28e5418C22Cb1f5391d114E01d7852,67507,67507,0,0,0,1,0
0x8dC24f29bB67BAd92A90dFB7aB58c702B4Bd73f1,67148,67148,0,0,0,1,0
0x563153823D702516F92fc24edD9358D6973f60F9,66496,66496,0,0,0,1,0
0x722F05Bde76314A069422C1d245a97dFBc94a551,65878,65878,0,0,0,1,0
0x79BF8bBaC596794f1489e94bF4C15Fbf51EA70B5,65327,65327,0,0,0,1,0
0xcC5474aD7Cbe72DCa247d5f6557cE770791DBa7C,65302,65302,0,0,0,1,0
0x8ccB4FeE9938B91D3f723D66e71948ee08cdD0cD,65236,65236,0,0,0,1,0
0x3b86BFCBFF200b32aA5178A5A4ecE0696b190610,65205,65205,0,0,0,1,0
0x2292B2b53fA976b2d68159fAA97987606AAf1F38,64871,64871,0,0,0,1,0
0xCd0ab4D27A47a2607283d25F503a3Ec5109be58E,64482,64482,0,0,0,1,0
0x8B82c9e190B3358f4b5DBB015b405dfd8241Ef60,64383,64383,0,0,0,1,0
0xfEb8C6bD193BdE0D9fdeE55c5Da695B8c2cF03AE,63874,63874,0,0,0,1,0
0x6f07c28f2A717CB2Bd5012D054296A3f753B89Ff,63732,63732,0,0,0,1,0
0x34D162Eeca8e1602F53DeAa0Eb763a3FdA0ff2d9,63281,63281,0,0,0,1,0
0x67a29c6385878d0C660eF37c9D435A570Bd1368B,63144,63144,0,0,0,1,0
0x7090E61E52A0210288a2866209f450D9e13338Cf,63136,63136,0,0,0,1,0
0x3fcE8c9386bE7A8200aCAdccF7Ae06551EEA71a4,63000,63000,0,0,0,1,0
0xEd31220aB3Bedc4Ff7e75acd0236A5e494FfE3dD,62849,62849,0,0,0,1,0
0xCd09605e3F5EE95FcF0d58F5Aa9AAB65cF7F47DB,62655,62655,0,0,0,1,0
0xE8C348504C3080C3934818DC29529aD3C184e0DF,62085,62085,0,0,0,1,0
0x0cf6CC4126a46a977451844f49dfABbD344Ca329,61834,61834,0,0,0,1,0
0xabE819b36D1694F529d8D996b563Ba78a714B4b1,61822,61822,0,0,0,1,0
0x9eD45afD5E26f88dFAd74aA9BBfdd8D4E9fbC56D,61670,61670,0,0,0,1,0
0x1f5Be9B215D91cB9dF6aa971f546d1eA5551097d,61518,61518,0,0,0,1,0
0x381712d37b333164aEe06f26293a45339359c140,61443,61443,0,0,0,1,0
0xCFccb0919465A90950A3A4744bAE4d9914f74f6f,61427,61427,0,0,0,1,0
0xB0D23ef3f03d75aeD9aF8eB969942F1dd475B08b,60913,60913,0,0,0,1,0
0x98A7926FbE6CEEb21239fd6B50dCC9c1bA27042E,60798,60798,0,0,0,1,0
0xf027828a6D9A0618A2f419AB71Db39cf2295f027,60770,60770,0,0,0,1,0
0x78eE7327457EDFa8A1D9f067db64E755EAeEDe6E,60627,60627,0,0,0,1,0
0x6c359633afeB00c90765850823BcD820D160D3e3,60620,60620,0,0,0,1,0
0x584A80EC43D06C6F6a09bc3C438EeeFBC75E8571,60411,60411,0,0,0,1,0
0xA25B378f7fE2d0A36Ebc84B575B34C579a430560,60300,60300,0,0,0,1,0
0xF88654ECf70f128cBaA9B44Ca24a52bDA9ac771A,60216,60216,0,0,0,1,0
0x98d20E5E3135165EF3C001309656D685ac29B402,60181,60181,0,0,0,1,0
0x11bD7ec08f4eadAbb7E74001D399F15CacFc99b6,60171,60171,0,0,0,1,0
0xB2dcA5F68F267deB0e9f07461F910DE2EBb7Db25,60018,60018,0,0,0,1,0
0x663470f3E3F964846fcf336edc2B14e9D7113fFA,60000,60000,0,0,0,1,0
0xD6a19B9C8Ae7CC06687Df5C3b8b024D1b52E7FD1,59994,59994,0,0,0,1,0
0x0aBe971cCD8f170E4e2b8A7543dbD2fd07a39cfA,59354,59354,0,0,0,1,0
0xA1046a07E2b6C70F7fCd7c4b3Fe93b961d3f9ea6,59152,59152,0,0,0,1,0
0x2549771fbf0B1cEbdF1C8E377bBaD744e0785c05,58776,58776,0,0,0,1,0
0x2fb152f5dA613D6c8716C81c0E1f5e0bA31f1E1d,58470,58470,0,0,0,1,0
0xB101c22236502346dacBf8c8340556FC3Ee632Bd,58360,58360,0,0,0,1,0
0xdc6adDF985F6Aa3022e387680E5c928466BD6579,58318,58318,0,0,0,1,0
0x1e2bb687F4865a55373650D917f12c0Ac83FA8ce,57823,57823,0,0,0,1,0
0xad4cb424fF8E61fcED1b56eacA3fA333DB9176c7,57702,57702,0,0,0,1,0
0x481fe41d8e0A668D50f3e35e67bd1c31a4015F1A,57174,57174,0,0,0,1,0
0x3D8b70F14f88b06D9c68e8d2FD37e212C86E268D,57012,57012,0,0,0,1,0
0x4cb9C1F7ef1fb801F8e97E853C9b8bc428460730,56974,56974,0,0,0,1,0
0x94875ecca07321A47911A96d6c22A867Fc912099,56929,56929,0,0,0,1,0
0x7dCd8A3E7a8634E0B2b762b80DBF87f84CD6cf43,56896,56896,0,0,0,1,0
0xfD0C6A105bD7674e9Ba5e4Ce2aB6F13C975738cB,56609,56609,0,0,0,1,0
0x9EA0d8B69B2Ba90975CC6d59A92D69D55C7eDB5F,56551,56551,0,0,0,1,0
0xdcc250C1FBca6f3AD9B144D261a87fE294DF2730,56383,56383,0,0,0,1,0
0xeC976D3b2088a947cAe3cf58B442FA6C3b149BD7,56327,56327,0,0,0,1,0
0x2beed6BbE9B466477C495e24cfD0302C7eC7a00e,56231,56231,0,0,0,1,0
0xF17A9ef9d285f716b85bcc13cf3eDa0d5a8050Dc,56106,56106,0,0,0,1,0
0xE142697Eb7cD400882dFd1CC759A3b370dbCE867,56104,56104,0,0,0,1,0
0xDc1E5E4b8adAcB60Dc1726A66885cb3343eb654d,56034,56034,0,0,0,1,0
0x5078e197d78700A9FD5Ba43E1750bdEEfF5439D0,56000,56000,0,0,0,1,0
0x765Aacb083D7BD1a72D90cDB93F1AEba576D6Ad8,56000,56000,0,0,0,1,0
0x325C81d72408C42b96D5A6Ed038ea32603B9c6b3,56000,56000,0,0,0,1,0
0x99CFE46a7CB63e225d7670579F1f80cE4140e49b,55754,55754,0,0,0,1,0
0x50Dc0Cd59deC1e75A5b26660Fb07e0818B203DD6,55650,55650,0,0,0,1,0
0x99190b5cDc65599cAb5Ef5D82f97763d82Dd7FeC,55105,55105,0,0,0,1,0
0xEEdEa154fCD3fEBA6f0BE12400be48df0F32EF30,55000,55000,0,0,0,1,0
0x496e6A615B464089b4726Ea6E1F4cBFb924946B2,55000,55000,0,0,0,1,0
0x971d45DBbB4ef4f32622B1C3E07FA640e38B21e4,54982,54982,0,0,0,1,0
0xee76e16bCBdF2026343C68225d02E9ECAfc8CF62,54617,54617,0,0,0,1,0
0x0FFDA7f6250A41e50f2FCF5DbbB5865F91f9d992,54574,54574,0,0,0,1,0
0x2014fa922B2e5A94e91e2Ca1B5E5dA736f5fb155,53608,53608,0,0,0,1,0
0x74102BC480A41681e66add3Ec9378ae6F3A79652,53590,53590,0,0,0,1,0
0xaF6B011E71FA58e04fa0e5473aD8031F1ac2A43e,53021,53021,0,0,0,1,0
0x750D8C84cE9FD52677e49710b93057F0fD6f29Cd,53000,53000,0,0,0,1,0
0x73FD9008F412f77301A4539fF86ed0608EEf07B8,53000,53000,0,0,0,1,0
0x8F564a2D058171a20CbFBd48EFEe785c77F4Cea9,52916,52916,0,0,0,1,0
0xaD222746738C293061E5C95a00b7B979CD3703b0,52610,52610,0,0,0,1,0
0x6c877fFf366532D828018e77498AaAAd71464724,52597,52597,0,0,0,1,0
0x4342aB85ba53A70170761e7a8a1F8c2Fd1209fe5,52448,52448,0,0,0,1,0
0x2858517DB894F2378479244d0b1d5aC51dC16c41,52055,52055,0,0,0,1,0
0x73F9F33dC47885D856596Cd247B58AD92bc3a4C1,52035,52035,0,0,0,1,0
0xa2B7829107974dbBb239147268C74Efb297534d7,52000,52000,0,0,0,1,0
0x41ecC34B6C3BfeF64eccEA886eF722e02F0734FB,51991,51991,0,0,0,1,0
0x3aBF966fFBF54E920AD51EE382126C82325E8861,51873,51873,0,0,0,1,0
0x07eCbEe763baDd71B62EA54f2F2b20043c607879,51844,51844,0,0,0,1,0
0x033f29B41D74E548967B9eA9bAa004DA704161fb,51839,51839,0,0,0,1,0
0xedCD8F695eEf2BFBDa6b60d7BB520150FaAdc4B8,51689,51689,0,0,0,1,0
0x1cdA720e9E10510D6214CB83a72a9A608b558C86,51391,51391,0,0,0,1,0
0x5AAc6F7ed401C1015C35D8a69A42b186ab400d1B,51356,51356,0,0,0,1,0
0x938D0DaE19E40F78F06cC17ade7cF9Bf3D7d898E,51297,51297,0,0,0,1,0
0x1703dE882abFd5f3a51A6a3dedD0145e09317eBa,51086,51086,0,0,0,1,0
0x347F2949893f1338e66D01fAa9552b89135caB8b,51000,51000,0,0,0,1,0
0xbC0681950b2A39Da8AA5B04E072f280FD7fa745F,51000,51000,0,0,0,1,0
0xBBE6c1cEf51F1393933517988b0fdf968C6D8f72,50935,50935,0,0,0,1,0
0x06Df3F02E84F7034CF70f52cdf5Cdc0Ab02F6Fea,50830,50830,0,0,0,1,0
0x93318cD9c627A7384b1151CE52f9234D02f693B3,50759,50759,0,0,0,1,0
0x678eaeb28515460a42b55176B095E7ff85721f2A,50719,50719,0,0,0,1,0
0x10F97E62aE2B7be0fF2ce8e09D05688734f2eB41,50710,50710,0,0,0,1,0
0xE3abc2667B1B8C6EC98767F89D54D4fa7aa69DE0,50684,50684,0,0,0,1,0
0xC9DC2b2C152229f953FDcc65F157dfce38cd2475,50675,50675,0,0,0,1,0
0x8188DFC7738aC7bFB2fF61e3b57F6749231a1114,50645,50645,0,0,0,1,0
0x6B05Fd00FbEce4651a232a92e472409Ae0B8B680,50561,50561,0,0,0,1,0
0x25d6494B582eB95a7101Ff43Cf4fD93C939aD7D5,50515,50515,0,0,0,1,0
0x7D1FFa24B4D954C2c940E22A9915023125F00808,50430,50430,0,0,0,1,0
0x1DA4400316275C34f7d4Ff5448afA461AB386650,50352,50352,0,0,0,1,0
0xd528B30593e987a696606493D42D6e8dEd0c4Ca9,50050,50050,0,0,0,1,0
0x1C0F662C6c2F7FB6EDb4860c0e446dE1783D3713,50039,50039,0,0,0,1,0
0xc4E9f5a4A3C9c936DB88cb5bfE5e6Ea5ded1E5bb,50035,50035,0,0,0,1,0
0x84886E2cE1051e5d33A5C0Ae6Dceb9EF96549e8B,50023,50023,0,0,0,1,0
0x3f32931a3ac0f9110372857A268964228FBFB59D,50013,50013,0,0,0,1,0
0xcaAA82aE25A696CDc7fA4da3240084f3Ceb83F4b,50003,50003,0,0,0,1,0
0x4059E94F431b2C48373c3CF962b257b7A4b1dc63,50000,50000,0,0,0,1,0
0xAA3aa84742B80d0F69c7cD9a9B93b3B26622eC98,50000,50000,0,0,0,1,0
0xB7B050D72351E97868De39F3BF3775B476215D94,50000,50000,0,0,0,1,0
0x08c9E10c39d21a98722baD2b2b03a3C78524754B,50000,50000,0,0,0,1,0
0xBFa0556Cc0A20D2A8BAd9ED17729266376a90181,50000,50000,0,0,0,1,0
0xEeBE2c7971c6131281a6a0817cb98A92040122B8,50000,50000,0,0,0,1,0
0x65FEB64175f34bC700D99A04213a056E6561d69A,50000,50000,0,0,0,1,0
0xA5A582c66CfE6c939715Ff49A4a892325809404F,50000,50000,0,0,0,1,0
0xb740978518388Cdc52703E9c310De84f3f09E1c7,50000,50000,0,0,0,1,0
0x6beEF2B2fE00FDDCa12A8CDA2D4B00435b0ba3b6,49761,49761,0,0,0,0,1
0x4fB69E3B515190310Ac6225e3772CDF0096C160e,49740,49740,0,0,0,0,1
0x4780b518E5e90F773CDa361654FD849BbD97248d,49691,49691,0,0,0,0,1
0x9985D7F476f2891b238Cd34EF05eEbDFc1541c9c,49627,49627,0,0,0,0,1
0xC5b2075abe32c980F159Fb08e9629E2c85C9a41d,49251,49251,0,0,0,0,1
0x5CE11628f8B777EA648Bf1cd5735C82ee7c7CED3,49097,49097,0,0,0,0,1
0x503320B34005299BE0A0661c435c72e0203FB623,48494,48494,0,0,0,0,1
0x8C6e116cceC6a5e36C53Ab8337B0D79b72F27dd0,48146,48146,0,0,0,0,1
0x769243cc4336AE7F1FEd908E19dbb1e884598000,48000,48000,0,0,0,0,1
0x8B6afe8c892E5b8fBF5b2A18a4AAcD29e6DCBEC8,48000,48000,0,0,0,0,1
0x138F5CcF242f9276d3E002712014d41b48e6068E,47937,47937,0,0,0,0,1
0x43076f49698Fce5e5665168a5F01d89165A8db41,47707,47707,0,0,0,0,1
0xbA96896F1971839AB260B3c9053F1caCb8e55039,47506,47506,0,0,0,0,1
0x53BEaDfE0ccAD3a0Dc2C356713dD80d7422cDB97,47379,47379,0,0,0,0,1
0x6cd7b2500DcE84Bdf4A22e3F5FC9041026e52112,47185,47185,0,0,0,0,1
0x9bF2d4C8e30e4288eEdE1E781fa91e443FeF2350,47000,47000,0,0,0,0,1
0xB180B0879e05aba3D2792379Ad0cCb1Aa58676b3,46605,46605,0,0,0,0,1
0x6014Aa7cb63805b059938f7858793dc0E08DE3Cc,46176,46176,0,0,0,0,1
0xBdf869abeCbf874846136EA4Bec72D27252001F8,45963,45963,0,0,0,0,1
0x5c62917089E8Dc6484679F75b4CF7c589Fb25732,45774,45774,0,0,0,0,1
0x662f3F39Fedb7c57C2Fa855E6Bd234BE52595728,45675,45675,0,0,0,0,1
0xC746aFeAFb8767661E904B3a308E0F2535F8CC5E,45571,45571,0,0,0,0,1
0xa380D05dDD16f2A8fB67CAc535FE0B2E400f0133,45517,45517,0,0,0,0,1
0xA9bb59a50b90F064012B253B3c0A414536F55c61,45238,45238,0,0,0,0,1
0x6D25322Df1FfA4681aa387269B54d02f7dd8fA7B,45037,45037,0,0,0,0,1
0xFc442A70f8f4e3d436f1cf8D666d29AA02c3594B,45000,45000,0,0,0,0,1
0x00667306d1d0D2027a0e6b0AFa9f8EF0F350CeB6,44903,44903,0,0,0,0,1
0xDFabdb4fAfA79552366a748f935daea188d2C5f3,44680,44680,0,0,0,0,1
0x3Ca267101B36BB0e5770Ccc8296ccb2b04Bab19C,44231,44231,0,0,0,0,1
0xe8Ba94BB7830159020362DA0Ce7fc3543Cf5d75d,43795,43795,0,0,0,0,1
0x016be53DDAF36F6123B9F2D15f1Ba3E372970b49,43708,43708,0,0,0,0,1
0x5e7c28011927791857924379c79D64f41C21f1DE,43559,43559,0,0,0,0,1
0x9543746e414926D1695eC001BC7B76277895490f,43548,43548,0,0,0,0,1
0x6179120f05057BdEE9831b6B6c21D7E02aD099D9,43499,43499,0,0,0,0,1
0x6e70bcEB2429d7f64CAbf6Fc4B5b9ced96Dcd5EC,43165,43165,0,0,0,0,1
0x1d5Fd2Fc0Abfd4F77CE9133aD203dC31263d36c9,43076,43076,0,0,0,0,1
0xf529dfd49560Fd62b068401A99bDb52dB5a582FF,43032,43032,0,0,0,0,1
0x9ceEFF7129103977fc335aDf66314eD875C5Ad99,42911,42911,0,0,0,0,1
0x0d361A88eB6eC69fcf26b5e38776e917d8E8A9C2,42889,42889,0,0,0,0,1
0x65b09259baB7fd99A36977e8481a7D77B45674a0,42645,42645,0,0,0,0,1
0x9878F2cAeE61616F5E8D2489c466B599E521D0E3,42311,42311,0,0,0,0,1
0xe7c3De9aaE169221075f8f5ffA7E583f185376d8,42270,42270,0,0,0,0,1
0x2df85D98Ec94b63c14d1E23Bd12a7949Fe67aF9e,42000,42000,0,0,0,0,1
0x43D24E4d442eEBB1936EB5DbE2abB4A9Cd68F861,42000,42000,0,0,0,0,1
0xC9FB6447E5741804BE6862C629e75972A48DbEEF,41998,41998,0,0,0,0,1
0x832191eE86b22eecB4785AF9BE164190f13Dd491,41945,41945,0,0,0,0,1
0x606564F17023A4dFF3529ed54D11fCB15170Ef61,41500,41500,0,0,0,0,1
0xd2CEFB62A8319178fb63904679De66df3C09FC0A,41244,41244,0,0,0,0,1
0x41d23D1d53aECcaEBbE27093884BC07061581C10,41230,41230,0,0,0,0,1
0x6DC6c778160E8115C0eB24Ea1348148816d44B50,41141,41141,0,0,0,0,1
0x14E342acF3D3B3e42C470faD5B5759BCf9c9a604,41000,41000,0,0,0,0,1
0xfc978B6A904FdFe4e58dC22E88F9AEd9B45884E3,40791,40791,0,0,0,0,1
0x09F2C34a94a6A852d31D86D846829fa2271AdA7c,40640,40640,0,0,0,0,1
0x8cb2ca469526868803Dec461bCE7909766e63873,40587,40587,0,0,0,0,1
0xcaA758166f9A570FF6Cc9BF74e67A0dcb4c2B4FF,40486,40486,0,0,0,0,1
0x3E0d3071DA4Fc3139E11cb92a49460748712051a,40287,40287,0,0,0,0,1
0xac5E9c6A5d854d8275742ffBDA3AfA428892077E,40200,40200,0,0,0,0,1
0x3d558813C19c215f21A4a5C92A8eeE2b246412c8,40164,40164,0,0,0,0,1
0xb2FB1cE6F65cEd74266b47dE73c4315ee066Ba10,40125,40125,0,0,0,0,1
0xe10d906C249121f7b49a89B837d000868132E755,40081,40081,0,0,0,0,1
0xE6e1B74efeC66cd0cEedBAb724F9d2F72cC53a4f,40000,40000,0,0,0,0,1
0xc402313bc72947CeE31731961E376b8b16803b87,40000,40000,0,0,0,0,1
0xC6546b41D6b3d90292C22335AF5BD7B80F9814Bd,39996,39996,0,0,0,0,1
0x77A7a4b494897bd57B71BD203e4c357064E7F3B6,39755,39755,0,0,0,0,1
0xb37D68cD51C6898288D5A985C7b54F6f6739B523,39736,39736,0,0,0,0,1
0x37B0b42862DF42a8C6cd0EC2Cf19ACe883Ea430d,39625,39625,0,0,0,0,1
0x1ef1795c20857b8BA84DE7605b7194A3B7D81B8a,39588,39588,0,0,0,0,1
0xd2b9F9d1E6734F241b2a6eb64EF7F6e63AF0A97d,39537,39537,0,0,0,0,1
0xE1b6Ae55590A6f9A4b18CD905644ADDa1c8C81C9,39492,39492,0,0,0,0,1
0xf9EE48E4e4C7Ab15Eb50d6FD38c9Dc0cEBCA4b96,39437,39437,0,0,0,0,1
0x382640eAC87F42D5a20CDcD3B9C9290f28C1ff6d,39073,39073,0,0,0,0,1
0xe0C791CD4a1b7C005F474ea9c48422898686ca72,39030,39030,0,0,0,0,1
0x0c8080fc3038f0d707F45E728b4808F25F4Ff49A,38900,38900,0,0,0,0,1
0x34dccfae06202D1167797870679fC1Fb9EF7A523,38818,38818,0,0,0,0,1
0x925442aB6291a344E15e6008e73F5d892815fe2f,38713,38713,0,0,0,0,1
0x11C0a43fDB2038cd981f56Be8214fa39A06A04F6,38535,38535,0,0,0,0,1
0x5f007D5148443A2875DfF47dd6ae0B2CB6A2922c,38144,38144,0,0,0,0,1
0xd7265f2fE6cfc48Cd0F1796bb3a53Af7076d7D3E,38046,38046,0,0,0,0,1
0xB019fC7335425319f46A4dbC22f8A6F4bF631E58,37876,37876,0,0,0,0,1
0x3e6F946eC358DadF27F86992A72E0BD281e04704,37729,37729,0,0,0,0,1
0x9AB9912504C7d4B6ae1BC5154C671BdA83e8b23E,37500,37500,0,0,0,0,1
0x7B76ADF47b09F09e1107A1235E513724168d95f0,37231,37231,0,0,0,0,1
0x6966Fdf99C0b3073991287eCce59dac74949c1C5,37219,37219,0,0,0,0,1
0x2A99cA7Aa7Aa7355a814D1E025114769fa0a27DF,36904,36904,0,0,0,0,1
0xF0062E4Dc4D08DD37e358B9699393D6811d2b76F,36826,36826,0,0,0,0,1
0xeFEc61AEE5B38A9148F3B98D9a7a7d1647454E12,36797,36797,0,0,0,0,1
0x9D7D086012f6c610EFA54de9A6e14Ca53629155F,36715,36715,0,0,0,0,1
0x618CCA1a079207913d9bE7bf84a8973bB774b864,36520,36520,0,0,0,0,1
0xDe43830feC32449cc707BAE120249B0e3431e9E7,36468,36468,0,0,0,0,1
0x39Ce199b0699891409f5EDB0DcfFD2174e7E791d,36385,36385,0,0,0,0,1
0x1356282B15B57e470d3df20cef2Ee363c188ebA2,36367,36367,0,0,0,0,1
0xA29F45f833D1778AbDE408C6A8f482A8Ad7D011c,36298,36298,0,0,0,0,1
0x6BFBE9CA884eeF9aB3D718fD5d12203A5172ef85,36164,36164,0,0,0,0,1
0xdFa12Be4AF0e759D23a81dD929b0c25C2b83122A,36145,36145,0,0,0,0,1
0xB580C57f20aD096f1c38021ee2A10290529808dB,36069,36069,0,0,0,0,1
0x4732BF9e1ADe3036A948cA9397C45dc3434911Aa,35986,35986,0,0,0,0,1
0xD3b6CFeB420398Bf7f74a05D69a9c57a3FA3Ecb2,35698,35698,0,0,0,0,1
0xD8455e7cd73463C39Ae3a9CAE328C8f6fEd2A3f5,35093,35093,0,0,0,0,1
0x147B26c33d67034FE1fcb01200E74dFef098fC71,35000,35000,0,0,0,0,1
0x99d2F2221cC28784A41E6C0607a634bE661C7cD0,35000,35000,0,0,0,0,1
0x1D7936269146718374F88F005b70818AEe532e88,34985,34985,0,0,0,0,1
0xa66858aEf66050AD0DF39efC869AdCfD31faCF86,34911,34911,0,0,0,0,1
0xAbBE701B4A643287AdBC24963E196b68d108e5D8,34835,34835,0,0,0,0,1
0xD8284d6a3B2a31BC3d5Cf6b4b73024e708BDc4C2,34801,34801,0,0,0,0,1
0x2A2FC67FA666122F5658E89245950660A215BD01,34720,34720,0,0,0,0,1
0x26b2F95E0F4F97374133377cC8A53A0E046Ed63A,34634,34634,0,0,0,0,1
0x35438C504b1127354055Fb6B4824449F700ceF59,34622,34622,0,0,0,0,1
0x10C98e30e1C6a36bcF962E55D7c2b53CF7197835,34562,34562,0,0,0,0,1
0x46A7403C5Dc7c9BA2823e70da581cAE92e7D96f6,34495,34495,0,0,0,0,1
0x37C75612822B29CA343040834b0744644965E90b,34155,34155,0,0,0,0,1
0xbbB32D3c29C5801ba063d6AE157998B32eBb98E5,34041,34041,0,0,0,0,1
0x4CaD21D92896b28C2ede39794A68D001F0B44e0d,33920,33920,0,0,0,0,1
0xc9ab6F720d2AC4e56D313BdEFDd19673Bb737547,33868,33868,0,0,0,0,1
0xb89e677C6fe199C21a23cE4456BD28e00F118C05,33800,33800,0,0,0,0,1
0x6E5699fe9CB7EAA8E37796517d4ce96A9760D351,33750,33750,0,0,0,0,1
0x52CCF6836b80b64Ce7F4E53531a55548C846e6b4,33675,33675,0,0,0,0,1
0xf57d2B61068fA45CBd49cD9bAE942A78FA5f0dd5,33521,33521,0,0,0,0,1
0x971A3a5b767da795b4dC3E45882f571F87C0Bf1e,33506,33506,0,0,0,0,1
0x5d6Ea18aD78a21581bE1C1B4bC5a1120BBCF9E09,33503,33503,0,0,0,0,1
0x5862A5CBAB3C17a5E1D8171A5A72638b5cd75cd4,33493,33493,0,0,0,0,1
0x6f21DED5c3e30151CD7D7a01fB71C54f6db46355,33483,33483,0,0,0,0,1
0xb53f7D3bdD036CadBf7766a9bc896d242742EBe8,33467,33467,0,0,0,0,1
0x9446E6A7B00f18f7F5DAD20436D217b6DF9F9421,33446,33446,0,0,0,0,1
0x522F20B755564D32D024e18E7FC687Bb7A7452D6,33400,33400,0,0,0,0,1
0xe9204703CfD2b7027932957F36532F1f5FE4E5EB,33367,33367,0,0,0,0,1
0x545B8761179d08E15CE4788bB028f2a4a8efF624,33333,33333,0,0,0,0,1
0x9d15D2286546FdACA0E3CEC248D1b396F0AA84Fe,33329,33329,0,0,0,0,1
0xf8c39F6d3252391E24f0E96627ce6338f950D671,33275,33275,0,0,0,0,1
0x94F76A10B64a7b324C0Af6412C37dF2aC4d25177,33265,33265,0,0,0,0,1
0x043FFcba300d4751A31fFA66E2D6FcfA71CA18Ff,33188,33188,0,0,0,0,1
0x0DAf35BfAfAC981EE973F0dFCEF1410162D9E46F,33133,33133,0,0,0,0,1
0x345296488DDe0b0f3E91342B747bBaBfE837f78a,33109,33109,0,0,0,0,1
0x2Bde515FBc41eFcF985026a28771a0dB9B92e9b9,33083,33083,0,0,0,0,1
0xe1d0A16E68683D4CB7038361eA016755aaa11246,33000,33000,0,0,0,0,1
0xB3807F913c53A6d72B5B97E3303C58CB47Cd5D32,33000,33000,0,0,0,0,1
0x7A15B89d2289c57c2c1Ff84109c52D5620631784,33000,33000,0,0,0,0,1
0xbD8E17bea4Ae7381EE221044f8867ff157e6aA8b,32902,32902,0,0,0,0,1
0x12938EC133220019CaE7dA4c69275Aa49216Ce5F,32770,32770,0,0,0,0,1
0xca218dB14CBAa8B5b06d42716229583b0B2a75fE,32599,32599,0,0,0,0,1
0xeB4c5c24468C3e666D01257B76A73326411b7928,32540,32540,0,0,0,0,1
0x21d2359B2359017aB9ebC6a29226E92F45107c38,32523,32523,0,0,0,0,1
0x418B5d44c42C1BE3bd631Bf3A30F2B86b580a5dd,32360,32360,0,0,0,0,1
0x406C9862C3660218b39295fb0f6eE2aa0DC1aCb1,32302,32302,0,0,0,0,1
0x247FA9A42F6c4505fBDD8BCd7def46E1585b5867,32300,32300,0,0,0,0,1
0xf7800f18f6Db61dCAD8778bdc6C25f1B3BEA9c35,32272,32272,0,0,0,0,1
0x43001Eee764fF70fbbe462C216E388d317a4CDD2,31970,31970,0,0,0,0,1
0xd89B98c96D9C71ec5c3A180034238a41FCab9a21,31970,31970,0,0,0,0,1
0xb23CB1158A145a045Faebd3f71ce5006514d9a83,31860,31860,0,0,0,0,1
0x1EED8a21Ac0456a4d290717aCaC8B1cb43a1cfef,31824,31824,0,0,0,0,1
0x8e9fADd4DABb560C6366339FbF241d10D8BA33a2,31688,31688,0,0,0,0,1
0xcb6cCc00464119bA0f3BaBdf0AAB9E54A86546CA,31455,31455,0,0,0,0,1
0x6b09CA1ec26824D744445FcDD0112bBe5E7CafA9,31332,31332,0,0,0,0,1
0xa38923204AdC924834563A168A99DDa189E9e16F,31329,31329,0,0,0,0,1
0x91f70cba16dA82dF44Ac6720e432cF04b2cD2A46,31228,31228,0,0,0,0,1
0x7Cd5f08DBe18A61D8fb7c3b2829092Ec37eD408f,31173,31173,0,0,0,0,1
0x17165D51F5eC6E2A0c981c33F2867f81C397d1e6,31048,31048,0,0,0,0,1
0xf2Cfc3036d26FcBc39Ba8558cF972b4c4Fd39598,31000,31000,0,0,0,0,1
0x3e0d4D0f9fbf6C18C285101fB2472F9e3C8D6e8E,30964,30964,0,0,0,0,1
0x09E295B508a65De5d9855adEa0c918ACf2c40662,30833,30833,0,0,0,0,1
0x3E1ef6DC7CaEc770430185842404caf595609b06,30800,30800,0,0,0,0,1
0xAd853C837cF6934cdBF9e7FcEF1b34f4D94AEA9e,30761,30761,0,0,0,0,1
0x311A3e7C1b74f89eDF982f42199e27A2286a3575,30744,30744,0,0,0,0,1
0x700f4C1Be1B1759CBA21673142bFE2203EA7D788,30710,30710,0,0,0,0,1
0x10A2b7D3C79D514865D32A7f10374AAef81d24d9,30705,30705,0,0,0,0,1
0x553A2c0c2AD990cb28706eCF6E79B4C246A76fE1,30610,30610,0,0,0,0,1
0x2A693cCbda744faf14ecb7C28bD811927BEA61A7,30580,30580,0,0,0,0,1
0xc03Ae765C76a600b503Ed2efF50b83292714c12d,30562,30562,0,0,0,0,1
0x80b759F0A9391e64351e6b94E32c384A40D96b7D,30557,30557,0,0,0,0,1
0x77F42bD6A524DDD787285864C4AFfff2C7D7bC3F,30526,30526,0,0,0,0,1
0xAEbBDF141fEdb9FBC9e9e26801176424c81B1522,30445,30445,0,0,0,0,1
0xDc8ee8D7FEE03f524190Dce54D28b3E2675588C5,30301,30301,0,0,0,0,1
0x65DCF7782260Aa1d6642a85f36c0Bc9545182F1e,30268,30268,0,0,0,0,1
0xe2a8b8cb661351d066C81f9349B3c9420fAe37E6,30188,30188,0,0,0,0,1
0xF71821dAD5ec0F93Ed99666E5586812321925011,30075,30075,0,0,0,0,1
0x5908D5D813D83CFE9EE5cD2192BEEb82BF95E861,30029,30029,0,0,0,0,1
0xb2E3728595af3F085487a594a8aCEDF513B65E73,30009,30009,0,0,0,0,1
0x7135Bb32d7205a6d8fdce1159ffE3355CD478DCa,30000,30000,0,0,0,0,1
0x4dD0D2b69ef1208F9AEbd10Ad53665B420D15e3f,30000,30000,0,0,0,0,1
0x3857DC2b24e1FA955ebea59E7dAaC72082786BC5,30000,30000,0,0,0,0,1
0xAC9ba72fb61aA7c31A95df0A8b6ebA6f41EF875e,30000,30000,0,0,0,0,1
0x9d5ba0653aF310b43133fdF0119DA4977a57BD8A,30000,30000,0,0,0,0,1
0x9501a7fA84E2Af47D1D819E61bD74f19FD76184A,30000,30000,0,0,0,0,1
0x123EFfE30be8d5a491fd4016ef9f8645e5efead0,30000,30000,0,0,0,0,1
0x826229372a95EB11284E01eb7f30Ca5081BeeE53,30000,30000,0,0,0,0,1
0x9129C659384391bd586816c31D3324C35E9F7894,30000,30000,0,0,0,0,1
0x334D04419935770C8af922b69DaBF0F429145B64,30000,30000,0,0,0,0,1
0xb940ee2B3F5c37d6A46a46b2E4e241F28d11DDAc,30000,30000,0,0,0,0,1
0x5c620BEeD82EF7e29eD5657d6B2d7f8F89Aa9f90,29843,29843,0,0,0,0,1
0xE3B9510672E45B6BEb23add76102693E3BacdE7C,29833,29833,0,0,0,0,1
0x0E4061017ABf595f835c95d55abF4464eaf7a99E,29764,29764,0,0,0,0,1
0xf6d410f5a571C71AD3135CeFD613391Ba90677a7,29757,29757,0,0,0,0,1
0x0aD4070E1c34e0bD2F6366CFB8F71D566D1bD89F,29670,29670,0,0,0,0,1
0x3872b401e1c08C384bcdb7F34234d8bbd3CCD5A6,29653,29653,0,0,0,0,1
0x955eBB45951C3BaF2d39C253cD9a828c21767a2E,29556,29556,0,0,0,0,1
0x5262264E6580EE8d5F5D215959400C797c07975B,29518,29518,0,0,0,0,1
0xa6073cF48C5742c1F2211A3C8BA962c1664e089D,29514,29514,0,0,0,0,1
0xc470eE526563E2eBBCc312d42F86f70Bf40D79d7,29427,29427,0,0,0,0,1
0x8CEC0E83D8c71DD6dDd9Fd324eF5b911f60145f8,29109,29109,0,0,0,0,1
0x6966E2eD97E7bAc2c3b647B2233E0746100c07F8,29093,29093,0,0,0,0,1
0x9d0591fcEC26C86e188DB6a2d6a0737bE5f44419,29053,29053,0,0,0,0,1
0xd7Cb144E20e54a2c9A28AA5668E86c987ce0fb05,29000,29000,0,0,0,0,1
0x1F96A59C94190a390ff75Da169371b823580391F,28950,28950,0,0,0,0,1
0x62E453688D0Ddd143203e13011c51d8bc8D2cb18,28907,28907,0,0,0,0,1
0xF3977E92ECa92700F097f9C51a0736B775aF69c1,28868,28868,0,0,0,0,1
0x1cBe55062A81D59C6fCD0429FAc75dD0D66B11F3,28865,28865,0,0,0,0,1
0x2B7637cEA505418B98a7F6D13A3F2b4Fe4da0176,28840,28840,0,0,0,0,1
0x9CbA898A0dbfA44D32c0bc8Bdcb65bB042089752,28830,28830,0,0,0,0,1
0x48f38997ED50e6e569326F01D2e011426aF01536,28796,28796,0,0,0,0,1
0x9fADEF2323461963A833CEC4507bEa002F86E417,28775,28775,0,0,0,0,1
0xC4694Dc8F9D9e3477955fC14e9caD7aA24e0Af45,28738,28738,0,0,0,0,1
0xeC7E38A52c73041b42136F56a85a39379a0a429B,28602,28602,0,0,0,0,1
0x8F697F7A3C5e6ff422237b2EdD5D4779a0cAdca3,28444,28444,0,0,0,0,1
0x844afEB3e03003786014833bFD6B76Be9A8d00bd,28359,28359,0,0,0,0,1
0x3f4754D47A51e4B054DcE1F19d8ab6b19a35D6b3,28326,28326,0,0,0,0,1
0x1502589518ef7030FF2335BCA82c4e48BcBdbd14,28112,28112,0,0,0,0,1
0xe3dA121c9Ba5604B0b23e31CaFBd5F984DD81022,28019,28019,0,0,0,0,1
0x13be6cfc0a1B23034adE604aE72f10Fc25758E15,27997,27997,0,0,0,0,1
0x63a551bF68EadB6dD9A51B7Cf277b176896aFE04,27899,27899,0,0,0,0,1
0x4B4963B24e1d56dBacb705C1Cee42E9AE66Ba060,27847,27847,0,0,0,0,1
0x5bD0A3CE8F720Ba5BBf4Ecc99cE5c941869EEb8E,27738,27738,0,0,0,0,1
0x2C83800E1612814368Da0aEc35347fBabd4331fC,27655,27655,0,0,0,0,1
0x69f623D5B842244fDD3e1Be07E4aE1A444f439F3,27648,27648,0,0,0,0,1
0x3003afd323b47DE04b735BD5b80B0bd7cB9D3D01,27582,27582,0,0,0,0,1
0x6c790DaB4380fcCaF22d89f6425ff81E4a423B01,27507,27507,0,0,0,0,1
0x653D96B57Ba03b527d436A54C2c60E5Cbed7934F,27416,27416,0,0,0,0,1
0x2E274c4b918A6C24120a5cf6Bee08aF71621fD3A,27388,27388,0,0,0,0,1
0x07b8D748BF18a035547BE7ebAA76522B8755918F,27247,27247,0,0,0,0,1
0x5F043F8805259BC19c9022F5143252844c62E853,27199,27199,0,0,0,0,1
0x8891794C05496C83639CBCF9553bcB54D41ef901,27163,27163,0,0,0,0,1
0xDBE99fd2Fdbb94207e9cabe2B7252aAfD72780dC,27149,27149,0,0,0,0,1
0x0c3699715DE1739eF5a8a0F3a667a7092EE7e0B4,27092,27092,0,0,0,0,1
0x0742e41355E5D9A4E1A85399f03147b623E9cE75,27075,27075,0,0,0,0,1
0x5ce1c1e24d8E89dC8Fcc9c18AdFE7a91e69673Ca,27072,27072,0,0,0,0,1
0x2cFca7fbDE23fF355d58cc8f5f647dD07AFE1899,27070,27070,0,0,0,0,1
0x7180DBF6E0333806A012b7e89cc994A064e55D01,27027,27027,0,0,0,0,1
0xc86510901FC0602cAbc910fd8f63Ef7A56933BFE,27000,27000,0,0,0,0,1
0xC775a65B7C373e842f22889e1D9caAAe121Bf1B4,27000,27000,0,0,0,0,1
0x010ed7839b8A2EA15D8E6382735b725aD1F8bB6c,27000,27000,0,0,0,0,1
0xA70cC1759CFaFc89C1369880E2016ea047C5e02b,26981,26981,0,0,0,0,1
0x2C6e0e1F7e24d8C0ddE899A916CDe1085F8C180A,26832,26832,0,0,0,0,1
0x96108a01B15B78dE656b57071337A5FEC5828cF4,26787,26787,0,0,0,0,1
0xbecD2393553E14afC70470b94bbB0bCF52450289,26702,26702,0,0,0,0,1
0xA80209B06d7F4c0028b3A3AAE4011357b7eaF752,26617,26617,0,0,0,0,1
0xAD66245fE14f4174211e0D3272d4A3f41997A6bE,26424,26424,0,0,0,0,1
0x73b3A65452D634D5f317450f8221e23823EF93a4,26412,26412,0,0,0,0,1
0x7Dd6fE6E2e031fb1505711cE043D9dec5019Eb9a,26342,26342,0,0,0,0,1
0x585e48282c095eA654243bcEDD7902BAa8829123,26331,26331,0,0,0,0,1
0x05652faE3BDD3C36177F50229CCF642dbcBbF7Ae,26223,26223,0,0,0,0,1
0xCCA299BF81A2C486614d8f314EA9cCAE2729E6bD,26140,26140,0,0,0,0,1
0xEA4488326764985b14F732997f43Ae02916A2eF0,26118,26118,0,0,0,0,1
0x8cC70FF7E3644E5CBbe44e714F7E5f526d0CcF6b,26014,26014,0,0,0,0,1
0x84379eA07eebD68D65Ec3d7c23B80b5708aE468e,25951,25951,0,0,0,0,1
0x2C82691Df16fD484150a66C99Fe68B3f66863A15,25879,25879,0,0,0,0,1
0xffe59d7925146D0CEACA132328f3aD49304ea07E,25810,25810,0,0,0,0,1
0x67ECA86871985831470B1863bA4A751d803d7b8E,25767,25767,0,0,0,0,1
0x56a7a1514aC135a71639f6453a007Dd9C52d5B59,25704,25704,0,0,0,0,1
0xdEd78aE09dD69e730c0c8b04DcD428427BBc71AF,25600,25600,0,0,0,0,1
0x340909D3A4C5501B183959557ec5e1434c28EC28,25577,25577,0,0,0,0,1
0xBF9a92AAeBC8faC6C36940DF7e17D6c60C9E3C91,25556,25556,0,0,0,0,1
0x12F0d61c3a7Bd2204a7cA2D9e95D7591252af059,25554,25554,0,0,0,0,1
0x1beb9A08B3CAf70e3dc767770E4823c5d0f44B0A,25469,25469,0,0,0,0,1
0xcDA75E08317a92CdAdB2Ca993C74a08203998068,25467,25467,0,0,0,0,1
0xD2F479A79A85adE26Ba9d034a2d651D0FD4FF8aB,25349,25349,0,0,0,0,1
0xA85Bb2C30dEb73827d4dAab2F190787186d7D7Dd,25335,25335,0,0,0,0,1
0x17a062fe3FF02E1e43131b896c3B078D1832ebcE,25315,25315,0,0,0,0,1
0xC753505c79b7150B3C48fED310E58F3cCb2b2f36,25310,25310,0,0,0,0,1
0x98831Dfbc4f7ba1d913c42995d671443D2130816,25303,25303,0,0,0,0,1
0x0B4A748b894065A29bc173311326E543f6902ba5,25206,25206,0,0,0,0,1
0xD3333f058b0Dd51023527bcc4d7A0B0327087a28,25202,25202,0,0,0,0,1
0x8891b6c889c727aDA9dBFDC5b0484aB80EdD7c9E,25134,25134,0,0,0,0,1
0xBC4D92b739B03685c64c9070B28BCFCBeDFfc87b,25069,25069,0,0,0,0,1
0xefe936a85F8614E5bdcEcC10357ff0159C72883b,25047,25047,0,0,0,0,1
0x15994714CfBbA43D5D1099ca14EAC4957F7f00BD,25018,25018,0,0,0,0,1
0x1bc881073afa8da2291fa8f99A8512d323D5AAb1,25000,25000,0,0,0,0,1
0xA294CbaD27d1fb870B45386984CDAf01cdFF0B7A,25000,25000,0,0,0,0,1
0x956BDFA46364839F60bF15Aeb34E336B2D73A3E5,25000,25000,0,0,0,0,1
0x7381f27Ced3Fc6C9d1876B1dA7901f0C516C9B78,25000,25000,0,0,0,0,1
0x7c2bD6DB663B051c17037c2e5BA71Bed38DDBf11,25000,25000,0,0,0,0,1
0x8D45f1808E90C9e61A58f5a054481c69Bf17e1E6,24713,24713,0,0,0,0,1
0x4b52230FCFE3a72834AdfB6066e17c413064C99d,24689,24689,0,0,0,0,1
0x147d129D3915ebFb7370423c66473ec747425bee,24649,24649,0,0,0,0,1
0x707b6F42b4f0E4F54c6A2630863c8BEba0D3728B,24604,24604,0,0,0,0,1
0x1Aa1685D26400616635a558B27F55869c1fB80fd,24475,24475,0,0,0,0,1
0x6b6843f055F89e844f7d9ABB6e6Cd4117e3296Fa,24467,24467,0,0,0,0,1
0x04Fef1FFAAcbF94827CB48187B3D4EF9c4d4b9a9,24339,24339,0,0,0,0,1
0xe82D3382EfE2798d4abD2d824824990ccB75E4fE,24328,24328,0,0,0,0,1
0xB8602060489Ae522250c10136Ee26BEeFD5A1f88,24296,24296,0,0,0,0,1
0x72C6668306f1d89425e86899B7444A0C552F25cF,24142,24142,0,0,0,0,1
0x872009fc95aAd3D4A9242f7996F2aAB365b67731,24089,24089,0,0,0,0,1
0x372F9DeD0793c42cD7f23DC530Abf4280446f9c5,24000,24000,0,0,0,0,1
0x81e4fB0C64BF49F89b57F6648562fc9a791B2e92,23919,23919,0,0,0,0,1
0x4117406565400080d7AA089bB554F3D5AF8d8708,23830,23830,0,0,0,0,1
0xa42c05CDeeD2684E5EC28E89f405C05E1e4572D7,23682,23682,0,0,0,0,1
0xa2BFF685Ba575BAFa93A6CfBeA379D4dba77085b,23587,23587,0,0,0,0,1
0xA845561dC140557B98b179B6E4BC371bcB47a71C,23497,23497,0,0,0,0,1
0xe9e30676adff740F838629D951EFC7e0Cccb0711,23415,23415,0,0,0,0,1
0x08e2B499A435b0098C8fe66EcedB971D9b6F6885,23371,23371,0,0,0,0,1
0xC14480Bd7bb6d36377C75286b80452654f5B7a79,23323,23323,0,0,0,0,1
0x9dBd781eEBA135aD2A779926880AdC89196A3265,23323,23323,0,0,0,0,1
0x64DB0a83d038794e650784e61093aB27F2e7352c,23302,23302,0,0,0,0,1
0xBf91944F333d2E55Ee2692A090FB4E0fD8712d00,23282,23282,0,0,0,0,1
0x261dA13B0BE750eEfa444D5E6dA384a4021Ff5F5,23256,23256,0,0,0,0,1
0xF1c6434Cd0B6acdf4a2b36415c92EF06004fe09f,23219,23219,0,0,0,0,1
0x0ED0696a1703929C325690Bc11BbF27060c66595,23210,23210,0,0,0,0,1
0xee28Fdf19C1B5599BEb73446D4f6F97263D42c03,23124,23124,0,0,0,0,1
0x0053d4461c0Ff0E00E2cE40dCC85e24125C3E624,23018,23018,0,0,0,0,1
0x79F7e5286B87F090A678a334fDD5bbD439733eaA,22960,22960,0,0,0,0,1
0xa5cF19c0eCA7eb24b36D13DB5731baF159c800e4,22937,22937,0,0,0,0,1
0x9d3F56186CE4bA86214AE9127e07491f2449D698,22908,22908,0,0,0,0,1
0x9d54Ce74abeDFEe0dA06D31E0c7462701837B645,22813,22813,0,0,0,0,1
0x557E28577476d5838122fC6d4030F59f77294DBF,22796,22796,0,0,0,0,1
0x32C09de5D0164FEB3e852e888525cd953C17902C,22720,22720,0,0,0,0,1
0xbB542e20A3B40A18F05011070596234Ad8C75828,22717,22717,0,0,0,0,1
0x0945A714b0ed1f46eEc6708717B5387523eEB29E,22700,22700,0,0,0,0,1
0x36Ac200B0A867723D29A98c6e2eCbf5fd237a954,22632,22632,0,0,0,0,1
0xE53dC4C3192053fcfC7284416FEF3F82b97e6B94,22551,22551,0,0,0,0,1
0xf97160b57A4240566CDAe4F7a6db6977F7d99af5,22500,22500,0,0,0,0,1
0x1dbA77D17C54FDB8952692BD5B356C5C6ea4904F,22450,22450,0,0,0,0,1
0x509dB14Ae32a43B98C6427bea50d0915c38C0196,22445,22445,0,0,0,0,1
0x497fE20C94D4Ba9247582462d6dcB945B160Fd20,22287,22287,0,0,0,0,1
0x8E47B98eBf34c76383AdD752911162439a38F376,22248,22248,0,0,0,0,1
0x39cBF6095Cd1c39B932059c97694A5ca7c9CC19F,22222,22222,0,0,0,0,1
0x8beC4d048Dea07F3Cc8b04151a99Ca84CcB72f2E,22171,22171,0,0,0,0,1
0xdAAdF0860B2bC23186C9f6ad2ac1Ee590Ccd76ef,22158,22158,0,0,0,0,1
0x1098c4aE9a143f539f829d320EAa8189A15CE4D2,22093,22093,0,0,0,0,1
0xb6BE2537Df70DE054c5A799fCea400cD6E251b02,22026,22026,0,0,0,0,1
0x228eB20844108AB039978fEaddD4603C41D1EE06,22020,22020,0,0,0,0,1
0x69dbB889BF6418D75Ea5e3638B37Fb77A82345d8,22000,22000,0,0,0,0,1
0x7b76fc8fdEAb633C20CE399ed80689DAC6b760aa,21961,21961,0,0,0,0,1
0x80A29aF5aAA5811d691De89fcDA9c6f869c78592,21949,21949,0,0,0,0,1
0x84Da8B973445f619CD7547FE9126f261F6fE31a4,21929,21929,0,0,0,0,1
0x585A34B5831f2B4153F86b97ABc3542f62b7cD6D,21831,21831,0,0,0,0,1
0x25eF0dD83D83994813Edc8efe5E4D5fC0E80f5d3,21824,21824,0,0,0,0,1
0x92C346dd52c45c3C67912b0dF11AB0Ed7a2a7e92,21809,21809,0,0,0,0,1
0xF339d9A475862D205d97319402E6C2C765402D5b,21725,21725,0,0,0,0,1
0x02e8935b5E4A6E532AA8DDB2C77b21692FaDd078,21625,21625,0,0,0,0,1
0xB171E9E867B48bc12D20e481Ba5D866de9b570A0,21625,21625,0,0,0,0,1
0x992c391d02eC7c767e4b72071f59e5728e8291C5,21600,21600,0,0,0,0,1
0x01571444300D21AbA43CCbE36c754c2D4A8DCA09,21528,21528,0,0,0,0,1
0xE6241ed469D7BeBFe3393060236c2650A854F37C,21523,21523,0,0,0,0,1
0x3246c3E49074ba5552DEd8235579aF3dd8c62868,21509,21509,0,0,0,0,1
0xC733fE37374d29e1B354706551902Cc7aEDF1234,21508,21508,0,0,0,0,1
0xb4341004EFd5800E693fAdD4FB204aF824287872,21489,21489,0,0,0,0,1
0x642458957C6F027fc1fea5B99928df23Fe46272E,21447,21447,0,0,0,0,1
0x56583A490296F22A98e6Ae60C7D65Dfe73F31941,21443,21443,0,0,0,0,1
0x080635eac6dea6d82766f313599B853E9eF6a892,21397,21397,0,0,0,0,1
0xb80C2690379ECc0b4AC1e988a747d4180fCE12f7,21351,21351,0,0,0,0,1
0xE4333BCa9698E1721dA73E6758C9D13BdD22326c,21335,21335,0,0,0,0,1
0x50A299066531240C8405fa5e9D97Ac2E0975EAc0,21249,21249,0,0,0,0,1
0x5cC56FeE9B9D954B46A2095E12F89427abCEEC86,21196,21196,0,0,0,0,1
0x4871bfA08B56a307e32DcC18B00Fc6A2d06B2A17,21156,21156,0,0,0,0,1
0xfcD79023647ABDcD8b7CD5D6328C3b4f5009364C,21114,21114,0,0,0,0,1
0xBd848387557DE7d127a19b735CdD6B9BE46F6A35,21096,21096,0,0,0,0,1
0x213e493A37318250cB0F25F547c9A0Bde419Bd14,21074,21074,0,0,0,0,1
0x86E08E2227645c838813E808aA68118eFbd784a5,21036,21036,0,0,0,0,1
0xF3D40460d3582D477544e095d9f90E791abeDC5F,21024,21024,0,0,0,0,1
0x7068Cc5190F2B9CD524f9A3e1e4a0b09F63E91fd,21020,21020,0,0,0,0,1
0x95Ef0E5Cf799227628F3cB4f257062bfccB1Fb49,20958,20958,0,0,0,0,1
0xC2d6Af0242400a005731f59C8830EF52A911fD0e,20910,20910,0,0,0,0,1
0xb47Da69AC606b38d89dBD1b58389e6A1eF0d3705,20890,20890,0,0,0,0,1
0xa462aE2F4dCCDc4249705741033A6111069e705d,20866,20866,0,0,0,0,1
0x40D833aFe91cc6a0A1e4293c4F319F59A4C44f6a,20845,20845,0,0,0,0,1
0x9211F0eE86BDb808e03CA4b42433c90ce956B8db,20833,20833,0,0,0,0,1
0xA43931484E8aB6887c152D4788c5292f825abeA0,20805,20805,0,0,0,0,1
0x6131e0Cc0216985566a90739F1ab87D99AbF23D6,20730,20730,0,0,0,0,1
0x79b5BB3A077ed7da558A85E44Aa8897D9Cfd1034,20687,20687,0,0,0,0,1
0x7610E0c65D2CBAeBcD637A9e5cA69c886ccC84D1,20666,20666,0,0,0,0,1
0x92D210007649a17922424984Dc64347d15FBb713,20644,20644,0,0,0,0,1
0x254485C908Ee6bc3a6f17b7faFA265f105b8e3a4,20618,20618,0,0,0,0,1
0xb5BE19Fe8776227a6D71f942a9A7e16682A2e0F1,20602,20602,0,0,0,0,1
0x3D139AE6E4A2287E9aCb8Db276FB4d6f8123E55F,20563,20563,0,0,0,0,1
0xC19c9C9C0bECa26Fb1700532863a99E9915c71d5,20503,20503,0,0,0,0,1
0x5b8393Bff96DCc714431bc6F898Af5054f72Ef0f,20496,20496,0,0,0,0,1
0xD5c544e7FD5e2B6b87Feb962cc1E61A6F85db070,20474,20474,0,0,0,0,1
0x65be086E4AcB16D5aA4A8Ea849C0bE2aD86e890B,20436,20436,0,0,0,0,1
0x61329d0091d3bB0203dD914A98898f60B5DCeE0d,20434,20434,0,0,0,0,1
0x0509A0AAEF12cf72c4d87DCa661cc93AA8bdf518,20411,20411,0,0,0,0,1
0xCC2B594A6229bCd1d33fF18f8B192265AC9cb46e,20404,20404,0,0,0,0,1
0x235D19fae75eEEef5EcF6FBE594f0f28290D2EaE,20397,20397,0,0,0,0,1
0x8445165437cB63AffB2f143378D0eC63e0249582,20330,20330,0,0,0,0,1
0x9cd26E94Af266677439418C0f3b46119B2d76428,20285,20285,0,0,0,0,1
0xe1FeFe8B3D875753B30Bc99a0Ebab68c01544512,20262,20262,0,0,0,0,1
0x749FE735542eB42aE151240dCA0C5dbb86Ff85bF,20176,20176,0,0,0,0,1
0x69104Ab4353f3F6e65aFd286014707Ee6c6bf8F2,20164,20164,0,0,0,0,1
0xfB4FFED1BE7C7A01Ac407481c397B7c786090394,20152,20152,0,0,0,0,1
0xF53Ae016eEdb713398E286d12402EA5DE298FCc5,20070,20070,0,0,0,0,1
0xEbE1e49eb82ed708dcE57598a0471aDD69EB34a9,20043,20043,0,0,0,0,1
0xCf4Ab6dc737337290d38799598C507fC76180dBa,20000,20000,0,0,0,0,1
0xEF9C39Bba1d95E4F6A99135F8F67276Ac85bB018,20000,20000,0,0,0,0,1
0x49CB69A47eBc5179076bdf1E33bC201407b6012b,20000,20000,0,0,0,0,1
0x1570553FE52920D942979d733539e1bABFE3995b,20000,20000,0,0,0,0,1
0xEb2c63097f2F41d3dA8e975569d6ef27cB0261F3,20000,20000,0,0,0,0,1
0x0a69Cb84F568aD9c033E20Dcae15FA87fd4FC069,20000,20000,0,0,0,0,1
0x05F69b5A4B22e847B562Bb4Ad347C05490f845D0,20000,20000,0,0,0,0,1
0x57cbc538f76BA18Ddb3E7a8ca86c490D3CAD1dE6,20000,20000,0,0,0,0,1
0xfb0Eb3703b3331838D02fFBb7537D7fDeF21A6Ab,20000,20000,0,0,0,0,1
0x9C0dFFEC48164F4Ae08a6EDcF4c0D7A4A3ea52D7,20000,20000,0,0,0,0,1
0xd7Ae1F1660C4a1f898A4875a46d5dbc6C03C292E,20000,20000,0,0,0,0,1
0x4463a8DB983088359b684Bdf65A6E763023c4466,20000,20000,0,0,0,0,1
0x7BF03b359C1ceebB05c3e4ddFa4A018b4C707DdA,20000,20000,0,0,0,0,1
0x2dabb00F401D0C9C12e6367f0b22290c5B84b205,20000,20000,0,0,0,0,1
0x0b1d114d9249ad870F11543215722D7804CC3dbA,19998,19998,0,0,0,0,1
0xb47D4e8973fd189Dc951CE051DD176E0066cc8Fc,19998,19998,0,0,0,0,1
0x995922235EAa2044d43cc1f016013aF253f09a53,19998,19998,0,0,0,0,1
0x4693aEBFff40B8D57CB1D5E86FdDAAD4871A5663,19998,19998,0,0,0,0,1
0x99cAD887B9535C3a5B22D7be2B9D2C92158C08DC,19998,19998,0,0,0,0,1
0x9f7dbe2B244726BA8fcD2167f488d7f0a75A89c5,19998,19998,0,0,0,0,1
0x54EC0F31378c8fef5abd9Ff0BE137f5A1fE765AE,19998,19998,0,0,0,0,1
0x00d1DB6d8EbCB4Bd4Fbf0A5369fB5FC6b85cadFE,19997,19997,0,0,0,0,1
0xaFfA6e095BDA6751Cd16AD5201e86FeDBEA1Fa39,19997,19997,0,0,0,0,1
0xd49214b455698258B5995416B3e6a5c8ffabFcd8,19997,19997,0,0,0,0,1
0x460cd7b009Ab3aBCbE691c36FE675177ee05Df43,19997,19997,0,0,0,0,1
0x4a17535AcCFC2FD2A94fD33133e4D9CF424BC5E0,19997,19997,0,0,0,0,1
0xa66858F39b5bEcB6F4619a2fB14776F45025e0ac,19997,19997,0,0,0,0,1
0x2b5E91DD5a20D335d0E878E5bDaF7300d8bD39b0,19997,19997,0,0,0,0,1
0x6458f999E595D3bDA5692db9df011CCD4ab13a96,19996,19996,0,0,0,0,1
0x5d6F3d0c92D0564151357B0863E55e9ed4631b8d,19996,19996,0,0,0,0,1
0x6606Db5db339EcE98256C85aE51DDE3D5E717678,19996,19996,0,0,0,0,1
0x818272e03e4bE3cC43De0B7FCc612Cd875043C90,19995,19995,0,0,0,0,1
0x398FaE17719F27C51C12454710dE71dedeE32c67,19993,19993,0,0,0,0,1
0xBb1F32bb4278aF6B46AD9e20321191A6b613e4B1,19985,19985,0,0,0,0,1
0x711277768A0cdbaB1D026b0Df07c25661d6C78A7,19979,19979,0,0,0,0,1
0x96e23013Ccd56d2aF78C21739df4a186BCF49e2F,19944,19944,0,0,0,0,1
0xF35aCa9AbbAE9bAb9dc8954b8F4081F697C4eD78,19915,19915,0,0,0,0,1
0xDE08263ca23B49A9D76A27FaF9896b1D454b0213,19748,19748,0,0,0,0,1
0x275fABDBCd28f7C3d8418caC1f79B50561c42F57,19699,19699,0,0,0,0,1
0xD32705349BdFBba41DD97bf0f13bae018CC4486F,19689,19689,0,0,0,0,1
0xA785cAe14c13941a2e1E66ee673157b3cFF7b926,19603,19603,0,0,0,0,1
0x12028D8d506F755E81Edc72061936F56304E5722,19519,19519,0,0,0,0,1
0xdFE4A3e8bE3AeA717938eC5A57CDE5D33a6E1a86,19500,19500,0,0,0,0,1
0xB4e397Df53834354c7629c9966e76aF80f4EF20f,19468,19468,0,0,0,0,1
0xA29df31824EAf29CDd9Ab729319f82178F4C468D,19467,19467,0,0,0,0,1
0x76F703652B7315B3175f3f963E4729977F115A89,19332,19332,0,0,0,0,1
0xF680193d89DD5cC7B1C4D6438DACb538D6d9F627,19328,19328,0,0,0,0,1
0x7642910498F9Ff539E576A0917379Cc235567687,19183,19183,0,0,0,0,1
0xD469595DF97D53FaeE9b64E8C14c4cf3ACf41090,19160,19160,0,0,0,0,1
0xa2225523500F5e6dc463cedf87768744C5591678,19120,19120,0,0,0,0,1
0x4FBA74788215712319aB134e2a4478db2e5Cee0A,19053,19053,0,0,0,0,1
0xDd896Dc9d86b904A2D8474e1E15Bd9EB5f8550f2,19013,19013,0,0,0,0,1
0xeCbE608F3CeDC7ccdd6C65b26912b8B6afE2C64A,19008,19008,0,0,0,0,1
0xDDB12E465F64EfB4B477AD96d899B3966d87319D,19000,19000,0,0,0,0,1
0xace2a21EF825e60CC3C9C516ce69A958Dd38Ea5f,18769,18769,0,0,0,0,1
0x53c4859560e3F268789F6dE934D776b9d91e190A,18759,18759,0,0,0,0,1
0x09C597F764b21f6E82f5Cf9077195A3D51d8B2D3,18694,18694,0,0,0,0,1
0xcBE6Bfe744107c223792E8bdF044466890f4129B,18667,18667,0,0,0,0,1
0x158089c5Ca193068a6A48339E88326E5600f7aed,18605,18605,0,0,0,0,1
0xD1851b992Bf963fce4759CC3eD4B3c44d317d52d,18500,18500,0,0,0,0,1
0xBaE87C0ACDF31c08FBA19353Bc7dfE7A9c8b3601,18486,18486,0,0,0,0,1
0xB30864547cC2351CD8BBa7A342F8ECF04e7EBBff,18425,18425,0,0,0,0,1
0x4A72689FFcd776023277E3Ee58e7018426889EFb,18370,18370,0,0,0,0,1
0x9b49d5b5D938D60F6852eE4ea493009381e9417F,18369,18369,0,0,0,0,1
0xA774E1668322d3Df0a31ef052Ff0F44551524e82,18290,18290,0,0,0,0,1
0xd444991c4D9986Cbb46814F3b824Df06A9D0124a,18274,18274,0,0,0,0,1
0xdbbF3675646537A3F3b6710c91013eaD24Ec1583,18256,18256,0,0,0,0,1
0xA6E9C1F07eD099f8F5f958f2765699B15C088277,18246,18246,0,0,0,0,1
0xbAe60243FadEa1E39F9d5978155CE1a6230a2873,18235,18235,0,0,0,0,1
0x9cBc890Ee55B3fd20f9ca38B332E095cb4A36a72,18148,18148,0,0,0,0,1
0x82bb8d9FB9Ec3a7DA2Dc3A7dcC48418dAc6BbD4a,18092,18092,0,0,0,0,1
0xe1963499F9309F75D11078834600D937986C7E56,18047,18047,0,0,0,0,1
0x57503Fa42086300CdA9fCEe6FA95915F5bb04680,18000,18000,0,0,0,0,1
0xE43C52D93A7b7C0A4140a1B35e2c576F51740E1E,18000,18000,0,0,0,0,1
0x624F204eAcCf2b203643AA13A84dAb1BA02ad22C,17998,17998,0,0,0,0,1
0x66E995Be9420bB43d7c228f31101Db415f833156,17973,17973,0,0,0,0,1
0x797d72F2D3b05A5a9DBCCec5a30A3ead7173f480,17919,17919,0,0,0,0,1
0x587e21c1Adeb087c051B18caeA845b6C4344aD9B,17879,17879,0,0,0,0,1
0x1e97133b34AD37149F75fF27b9133cEB5D3feB31,17810,17810,0,0,0,0,1
0x1339E96CF16c67c0D82eddb92C16891e953A8633,17771,17771,0,0,0,0,1
0x5BA49Af4D8d2bd66f10f0a667240cF23aC74b7F6,17767,17767,0,0,0,0,1
0x262D0CE282b6460D72B71098FE68E70121246636,17722,17722,0,0,0,0,1
0xFf9FE78a51a33Af6E4923092BCe84B04fe26111a,17694,17694,0,0,0,0,1
0xC270F867092876B6321452f3574B343b71ED189B,17619,17619,0,0,0,0,1
0x371Bf2bE3647C200a016acfFa1E95156ce880A3D,17597,17597,0,0,0,0,1
0x3860Fac4096dD57bE82f611aFfE89462f71e24f1,17553,17553,0,0,0,0,1
0x98B92Fc4f79E55AE2384351ba2B23DAa55Fe7A91,17537,17537,0,0,0,0,1
0x51413c76887178c23Adcdc9A131F4e36AC90196A,17520,17520,0,0,0,0,1
0xB85577037593632637f86598AabDCE8541d32303,17500,17500,0,0,0,0,1
0xDCa2A82265E9023b51f40b3a2906d8C39436f868,17392,17392,0,0,0,0,1
0xA602489E6aEDa399611116a2bd5037AD690d6bB9,17390,17390,0,0,0,0,1
0x8d5b8AABc31cc9e233B481DBe9F5F28B7942b6B4,17345,17345,0,0,0,0,1
0x98aBA9a5f8401bAeDfdd71F850DA83291634AfAe,17299,17299,0,0,0,0,1
0xEe7C4aCA7D64075550F1b119b4bb4A0Aa889c340,17260,17260,0,0,0,0,1
0x4815Eb5eFDfcc2b661f2b22b7efB22b9f050E1DE,17244,17244,0,0,0,0,1
0xD10E33C6F257c7bDa6Ad1899f247D398FbD29FA9,17195,17195,0,0,0,0,1
0x05ECF321C350EC8d0959Ef51c62524F976f88A4C,17155,17155,0,0,0,0,1
0xdF0DA32F6Bd52BB3a4b2D4940174864018bD58ca,17145,17145,0,0,0,0,1
0x3D47c1550CFFb32528A734aA47aFAD03476d5eF0,17116,17116,0,0,0,0,1
0x219aD75dECfdBE36673286aDC60425149cd02068,17065,17065,0,0,0,0,1
0x2139fCDaB681D1783BFDBAbbC3418701Dd92321D,17063,17063,0,0,0,0,1
0x43f91e580C4B64E3B40a114540285f1002e3629f,17049,17049,0,0,0,0,1
0x50fe58Bb934d43817e2730fB89C91b242BFBA7C5,17043,17043,0,0,0,0,1
0xC8757F9Db07565D57153e7763F7190055a7BFA0a,17000,17000,0,0,0,0,1
0x356A22e879b16cf5175dCf7a9399C8A59Ee61Ef4,17000,17000,0,0,0,0,1
0x20FF6DBde4ABa9Ad6272B4972d09bfcE99F40544,17000,17000,0,0,0,0,1
0xb4a68fE3b6Ba59e93753b450839c18cc1A964754,16985,16985,0,0,0,0,1
0x2f3B65F131f26938Fa9d0840432E3A176788fd22,16982,16982,0,0,0,0,1
0xAA4Ea2C84037c2085459081400f52cd92e30f3bb,16948,16948,0,0,0,0,1
0x734A6263fE23c1d68Ec9042e03082575C34c968C,16936,16936,0,0,0,0,1
0x51faCaE2059233cFdc771CcB3A2F9942f28CC0aE,16886,16886,0,0,0,0,1
0xDc1068a0095fD7068779C8c6455b098E1ce5cC0d,16858,16858,0,0,0,0,1
0x8882Eb8f271b78C5aCeC486A7c9A835723947Ce7,16839,16839,0,0,0,0,1
0x30Fe233a3ed16f468255F8c8c383C218D0e5eA5E,16828,16828,0,0,0,0,1
0x79BC9CEBbA96F9bE85AD69eC79Ec662d51d3fCb2,16784,16784,0,0,0,0,1
0xfFE50eBD98aA013f7D59322cC8170611460C287C,16731,16731,0,0,0,0,1
0x3116C70ef259d90ECa1F78F8eb14521Ce9c898B0,16729,16729,0,0,0,0,1
0x0A8661f57c161a0014D41Bfd2e1900669FA67672,16700,16700,0,0,0,0,1
0xC12dc4B6167FBED6a50dd8C1722c8875936de2d6,16675,16675,0,0,0,0,1
0xcC88a9eD771f44ac51c5963Efb303AA6EAE707D9,16673,16673,0,0,0,0,1
0x4c75E4D06e12c9Fc2bEA772Ae32c241FFe7833ed,16666,16666,0,0,0,0,1
0x8697f26feF4Efcb36f5E8d0134a5c348c636E053,16666,16666,0,0,0,0,1
0xc222dC7c196D1ce65C897DF0599046Ad7cB9c22c,16666,16666,0,0,0,0,1
0x9aD970a070a65071AD0D8E1E399Fbc2309aB49fa,16666,16666,0,0,0,0,1
0xB2E0b448EA52aa5FcB5a571B166Cf1778031a8A4,16660,16660,0,0,0,0,1
0x64237C939B669911B34f6c73abE22b3e723bAb15,16655,16655,0,0,0,0,1
0x92C3303e37E8887305c0fb6F493836e6434eee20,16536,16536,0,0,0,0,1
0x2263813148C8f6067EcdE582C08E6cAfbAD10235,16523,16523,0,0,0,0,1
0xB689EdF76883C88023AEc877F72abC3A26Aa2DAE,16460,16460,0,0,0,0,1
0x521F4D5649726836Ad4273CD0741e2eddE1fcdf0,16388,16388,0,0,0,0,1
0x4650c8d3109dc96f91FE0289c6Aff03180d1a396,16300,16300,0,0,0,0,1
0x1caC0F4b870458898e05d1Aa2259C8c4CC2EE8aE,16197,16197,0,0,0,0,1
0xD644C1B56c3F8FAA7beB446C93dA2F190bFaeD9B,16196,16196,0,0,0,0,1
0xc94486f4da7445DB337756911348D8675bF27C8d,16195,16195,0,0,0,0,1
0xd6af7F1BE214A260C47e69F601293Cf55a13ea89,16194,16194,0,0,0,0,1
0x18dff00A8B2894dDbd7E0D74A5057Fe2E76c250D,16124,16124,0,0,0,0,1
0xD6823ff599190F11BF2f3659d97119df20278165,16110,16110,0,0,0,0,1
0x775D0293009b0f9f76665280d5e0818B19aEE495,16110,16110,0,0,0,0,1
0x7A29dA37a0828A70024047d87C866f190a04dD8D,16100,16100,0,0,0,0,1
0xF04B629ebBd664B10ff7B2CeB7f5415E751a1A81,16088,16088,0,0,0,0,1
0xB5b35a9E63eDEa2a43399632bcEf85ce879b29C1,16071,16071,0,0,0,0,1
0xeC94e57e1A687E722B8F8d847e76e536FdFA098f,16057,16057,0,0,0,0,1
0xDAF8ab12cB9495398D211479C346DE2d63125e07,16014,16014,0,0,0,0,1
0xf21eb4D7D489017DD108B1E80d394ac8d0D3767A,16000,16000,0,0,0,0,1
0x4e86a4771424F77aec6a745B5C27628d1Bc8aC7d,16000,16000,0,0,0,0,1
0xB30E728519D76F12A7000562eD2B8829b7428B5F,15998,15998,0,0,0,0,1
0x8367d6fa4BA8564C170A4aA727f59205F0F2DF1c,15991,15991,0,0,0,0,1
0x6B2411282903Cbf402f2De015bf84e3191d238A8,15961,15961,0,0,0,0,1
0x73E570d71a6A15A737926425776D6eB1a7fE48A7,15947,15947,0,0,0,0,1
0x1c1a02F7371254F1842BB0981648623c1862C2C2,15929,15929,0,0,0,0,1
0x45dB9AcfbF2dcD079416fcaE654Bc4C9E72B1DCA,15927,15927,0,0,0,0,1
0x69f50CD05a887124A8D1EE0f5ac7561469627D0E,15870,15870,0,0,0,0,1
0xb5213BCF23cED5fBd3Cbd495Aa15B9ed0eeAEE88,15865,15865,0,0,0,0,1
0x8ba5d2B3Ff63794Cfb9B1042f2bD6C5216280254,15840,15840,0,0,0,0,1
0x1277Dbd13dE0dd931053cB76Af989587d284cAd2,15824,15824,0,0,0,0,1
0x0ac65a802A7dA7d6AB312fDc4A389ec821f06F55,15819,15819,0,0,0,0,1
0x57092170c8Bf7A517CDdD03FA1128a645e544a75,15768,15768,0,0,0,0,1
0xF1aCb34428C144624F0793F59fF14619749C9ea9,15768,15768,0,0,0,0,1
0x2e95864dbF83DA96B7cAB282BaCCEAB2c3a061F2,15757,15757,0,0,0,0,1
0x1Fa4823613Fb2424cbDab225FC1eEfe3Bd293c84,15683,15683,0,0,0,0,1
0xb502b270Ec02Dc5719878735D0317e36Cdd94726,15666,15666,0,0,0,0,1
0x55D35116e5dDfC16D89f552984274ec377539f3c,15657,15657,0,0,0,0,1
0xeD420F5F00186Fa868aFF815f9f5725BE1CAdc6d,15578,15578,0,0,0,0,1
0xafdb6cBbcD1bc4A470E60f7A0D20D209e81c4b25,15575,15575,0,0,0,0,1
0xB953f453c85560Bb99ce355b88704118c0b71E71,15558,15558,0,0,0,0,1
0x7ffacCD0B116AC9822Ca20F068F1Be1B02297dCC,15550,15550,0,0,0,0,1
0x24055d456255F02e5b6287efe2D4111900E69D39,15518,15518,0,0,0,0,1
0x46b58fdBF66A998B93ee6EfEc0Ee85F96985894c,15500,15500,0,0,0,0,1
0xc348f4B6dBf1B156D802810DB2f6d59F36c837BF,15463,15463,0,0,0,0,1
0x28b5Ba542638FdCe6D80b65a4c3dB56d3Ed68E6F,15425,15425,0,0,0,0,1
0x21AF4cF1cb1558Da12c72BafCFedc535a0DD192e,15422,15422,0,0,0,0,1
0xC5d13db602a4cAD5c9c8c8bd8B6FCfc1A3259f9D,15393,15393,0,0,0,0,1
0xd3FEA73cC92BA930f4Fb5FC5bE1c15628e253CEB,15376,15376,0,0,0,0,1
0x5Cce305F57b69cC1b1F9a1DAF2DAA9a8184219F9,15358,15358,0,0,0,0,1
0xDD7cACE434F25b087c9894f301F8877787E262aC,15325,15325,0,0,0,0,1
0x5552d376161C95bA4288e2dAdf86e298C61604aC,15324,15324,0,0,0,0,1
0xF7A3d13e609458CAdd6b43D881187d46e969935b,15276,15276,0,0,0,0,1
0x4cdFCF51dA5c65929FA5cB473b8573A180F79540,15262,15262,0,0,0,0,1
0xe123775416cc49EF9f15aF639a66F9f694d8D347,15261,15261,0,0,0,0,1
0xC058f7e1a07Ce198eAc771D4F71684E292E4d11a,15250,15250,0,0,0,0,1
0xab2e869934c59131Cb9F3D55aB7D4139A849cdc8,15226,15226,0,0,0,0,1
0x5aB552C8944604FeAbcDBf39663526772bCFC12B,15200,15200,0,0,0,0,1
0x7f7ecEeDE5F97179883Ef8F30eDF24C50AA5c597,15198,15198,0,0,0,0,1
0x19E441B8CE77d4835e0d8D193fDc629AF23fC2b4,15185,15185,0,0,0,0,1
0xEa9D0fA8d3C329404ae3c04ACe46aF83B313aF29,15174,15174,0,0,0,0,1
0x76b2F8C6DA7BFFB5A63eA41f794481E5C7D81e44,15170,15170,0,0,0,0,1
0x6B6482858571aabe07B6541BC575b46fa3fEb510,15110,15110,0,0,0,0,1
0xEb29F09Afe8Fb4B88009A3D500910010751F215f,15105,15105,0,0,0,0,1
0xBECcF9F7D355499Be94C5236DF0Fb703DB649b12,15085,15085,0,0,0,0,1
0x7529913959a35cF44EAFbe3Fb639597209AeB3C7,15085,15085,0,0,0,0,1
0x9822bBb68E2968974646DB1A1bF438102A954Cdb,15029,15029,0,0,0,0,1
0x33c9321b40A1802A1eC32FFa05Da79627b653594,15028,15028,0,0,0,0,1
0x4421E6f16A59582c8108D153aAB0Fb7B4A3EDDbe,15026,15026,0,0,0,0,1
0x78e55c6a3B60A903eB0D57104706B5D69fBDf4FC,15012,15012,0,0,0,0,1
0x6E5c200A784ba062ab770E6d317637F2fC82E53d,15000,15000,0,0,0,0,1
0x93bd0162687d98afAdF3fF4b67CCB68680877bc3,15000,15000,0,0,0,0,1
0xf4Cd2AA5cAF6669E7D77588Ca14e66560746cC10,15000,15000,0,0,0,0,1
0xD8B828bE1C267cAf303673F79328D947d29F7f9A,15000,15000,0,0,0,0,1
0x5e2851A27BB569D0BAFAa6482404438f603C390a,15000,15000,0,0,0,0,1
0x631799D0f56721BBfE9b925bB247EE6f3CA45395,15000,15000,0,0,0,0,1
0x0249bEa8BD7820ce8C8F122Dc48ca1a2aDDa1ca6,15000,15000,0,0,0,0,1
0x336Ce087593688F431e3D9D57188Fa8Df10cF49B,15000,15000,0,0,0,0,1
0xFB4aBCe609362F52047167126Cf20013eDeB5c99,15000,15000,0,0,0,0,1
0xc471D0F5ca629b3387231f1586b6B87E1DBb49ad,14996,14996,0,0,0,0,1
0xd9258545c79D8D58bd176D10aA3c6befa45f89a6,14977,14977,0,0,0,0,1
0xF9c7f84bAa7497B5D21Dc390998AD927D1D920C4,14977,14977,0,0,0,0,1
0xd567F934c9B1dE16E0d10F98a9E3639f6A54feF1,14923,14923,0,0,0,0,1
0x2406639c698bE6E978C8218c3999Bd757bA36E90,14864,14864,0,0,0,0,1
0xFf82434eB4B027B0D27a1600166Eed4BB43229Bb,14850,14850,0,0,0,0,1
0xBa457DaA5fE6D758aa8Eea552Ce863DcF2a8db9B,14846,14846,0,0,0,0,1
0xE8711d55478570D7de7726e9c42B32bc75756371,14827,14827,0,0,0,0,1
0x6A677a08675dfD2bdA99524887dDc06aE773E434,14807,14807,0,0,0,0,1
0x7026523C2c051752b44736129b313c0f331E551a,14793,14793,0,0,0,0,1
0xA68C0272605Bd203819cE2f0A995f7e48761BC64,14764,14764,0,0,0,0,1
0xF8aD53BFBFEE809cc33F12029eb16fdCffA34e92,14759,14759,0,0,0,0,1
0x8422E1F19f551c09214C3f53fb9dfa7f22Eaf78F,14755,14755,0,0,0,0,1
0x922f2928f4d244611e8beF9e8dAD88A5B6E2B59C,14702,14702,0,0,0,0,1
0x9de74D141598696A140C5557377df1353f1d42D7,14700,14700,0,0,0,0,1
0xf19Aa1B4391a48bb4F5Fe5674E12Ea230368dB44,14697,14697,0,0,0,0,1
0xE2C024e0c8bD3937484Cd2140c5B2d8930e3d85D,14696,14696,0,0,0,0,1
0xDE7C338Be55D5dC000D0Bae413EC9a2888Dc476A,14660,14660,0,0,0,0,1
0x5d62Dd87F40090bA3D065B4c6Bb63b8C8ff883B3,14650,14650,0,0,0,0,1
0xff26eC8623ed1B258edEaeFB571b4aE7fba294Df,14624,14624,0,0,0,0,1
0xFad9C29984D0AAB1680cA431431D2e813ea9b814,14570,14570,0,0,0,0,1
0x4774F70fD9FEAe760beEcC6D8Ec411a20e6aEC92,14556,14556,0,0,0,0,1
0x07aFF14a7A8F51882B3495409D607EC0511f6152,14512,14512,0,0,0,0,1
0xeBBcCe11F15669715c728ddaf2175c957cEE2757,14483,14483,0,0,0,0,1
0x8169F91b6627bee78e9a8Ed511d576A8e2eC1BC9,14483,14483,0,0,0,0,1
0x9Cba8340F8732B283bF919a61Af3fb1536f35a0B,14479,14479,0,0,0,0,1
0x24bfDBE9434414D0C9438e4e61c1aCC36B3DB2f5,14472,14472,0,0,0,0,1
0x509349ff8D32Ec6642451Fd66d7d73f4A542F317,14461,14461,0,0,0,0,1
0x062a2f1914634Ee1eB070350571c822AeD93bC60,14453,14453,0,0,0,0,1
0x6af29f96F3EA713091D552cfa615Fb2f52C41285,14448,14448,0,0,0,0,1
0x6a224D74c8F6343dD665DA857a2178B8f1A13cE2,14433,14433,0,0,0,0,1
0x8E729fae4F388315A4701F2b09401dC73E02398F,14403,14403,0,0,0,0,1
0x5CebfE8a127edB9746F9D6E0368C784273A0059b,14391,14391,0,0,0,0,1
0x82dfD0cC0a5CD43f44F17c3441177c74154f7F8a,14384,14384,0,0,0,0,1
0x34EBDbCB9A97560915aBC3C769dAf1302EDB4E64,14374,14374,0,0,0,0,1
0xb4c2123877E566dA4a4650673C7521f8613D760a,14321,14321,0,0,0,0,1
0x68183180fC525de1634a43d2c7BfEe9238Fd9469,14313,14313,0,0,0,0,1
0x0b7D9A974694291d8Bd02aF4AD48fFe8048E2CC0,14307,14307,0,0,0,0,1
0x9845c211265e0dbd83054b03c1BF28CE9B3f320e,14305,14305,0,0,0,0,1
0xf97c0A3dCebB4E970278AAb244B0302520441b97,14300,14300,0,0,0,0,1
0x37f7F3126294F39c0B212FAD6ba2Ac1D6117ee0D,14300,14300,0,0,0,0,1
0x9a202741967693AB949367BC416c090087190BA9,14278,14278,0,0,0,0,1
0x37e1ec72c73E2F6094f969De669a31A4eacDf3a4,14272,14272,0,0,0,0,1
0xC84fB5c13Ce2948CE45772BBbd1BB26c4C03eD1b,14266,14266,0,0,0,0,1
0x9688A94eF543492438D0263034318D73EbF2481C,14235,14235,0,0,0,0,1
0x4B9c798ef1dbcB76AA44c695977e4f5fa460897A,14188,14188,0,0,0,0,1
0x01Fb51F8A664f0f2B7cf8f6EEE89F7C1b7e05Ba1,14167,14167,0,0,0,0,1
0x50c913302E469B58BaD009721C3ce0Af18278AE5,14095,14095,0,0,0,0,1
0x1AbF4e3591364412778c0629917ae2849dECCed7,14041,14041,0,0,0,0,1
0xF6344515d31957757c7A3eb552E1087924904eef,14035,14035,0,0,0,0,1
0x71958aF590f51aaf7691Ce0C69c80E5364b0CAE7,14017,14017,0,0,0,0,1
0xD280572F0F2E6386589aAeA71fD87A1bDd9BF304,14000,14000,0,0,0,0,1
0xE4576166dc6298e0dEeCF79967A6b7edE6c4b506,13999,13999,0,0,0,0,1
0x2ecE6F231C4935Ed907bF01074b2c4613778DF7d,13999,13999,0,0,0,0,1
0xa1Aa2698d27aDC04bF2a02Be61D9e60c024FB073,13999,13999,0,0,0,0,1
0xcc3Ce701840f6D689Ae93Ba6f211a5e897691710,13999,13999,0,0,0,0,1
0x751D89fC00EC3D09F116190E9413152CDd9Ee6d9,13999,13999,0,0,0,0,1
0x071E345629F4b80cf3eE2e9F06afD566e6992bA9,13998,13998,0,0,0,0,1
0x5cb30684805673d9fF5eFA0EbDBE28704CE53799,13998,13998,0,0,0,0,1
0x3599a507a5176f12A038De8709ba6AE4F3803B5a,13998,13998,0,0,0,0,1
0x259DDFA9f95E4C6AD778A3342177AAf85E40eA42,13998,13998,0,0,0,0,1
0x7d5CB1fe25d4a05d8259B8acAac3eaE22D6f41c1,13998,13998,0,0,0,0,1
0x31b7cc33dc0aE0fAb47142a4FC7D76206F54383F,13997,13997,0,0,0,0,1
0xa44Fa12ACEb5b03061321D49A6b1Deee5Bdf2bfF,13997,13997,0,0,0,0,1
0x7e649540c59a3F27C9b25320B9aD2913CB8f2F13,13997,13997,0,0,0,0,1
0x4Cfb6231195b92DfbA5fBd10Fd305ea81f6C9f0c,13997,13997,0,0,0,0,1
0x04Df40B2838093C56B4cC866E3324Dedf23e1AB4,13990,13990,0,0,0,0,1
0x586B65610B4F2EBcc5D2A8ED5f2f683aF762c849,13975,13975,0,0,0,0,1
0x06cA1657Ee05bD641395E92f9A8BB66D2dc058eA,13966,13966,0,0,0,0,1
0x5b15001Dd6D4335E76091086dA264A498C0225A4,13900,13900,0,0,0,0,1
0x5dc3cF79A4c0C759154fC25CEd94D8C5dC188D1b,13868,13868,0,0,0,0,1
0x41955ab7d12F9F6C03de972b91d9b895D9c2EaF8,13837,13837,0,0,0,0,1
0x9E0e57de9Cac0E9c489c080A0C07Ff6e42AE12d1,13812,13812,0,0,0,0,1
0x9CFd258dB977819B867C79662b5f0aF6080eB2b9,13795,13795,0,0,0,0,1
0xb35a5ff901765Bb037051F6138Cb038ad5327AeE,13782,13782,0,0,0,0,1
0xbAaa1A630CABaB9b0F7e91a9b554aD35dA81EFad,13723,13723,0,0,0,0,1
0x54eFE6069733b99405906566e19Fa050C98bC61A,13717,13717,0,0,0,0,1
0xF45FaB2bAf0DB104922d9Acde6c50923059506b6,13681,13681,0,0,0,0,1
0x2dcAC62c7902492ce345F373c7d2271a3bf6a5Ea,13680,13680,0,0,0,0,1
0xbc9E0D7A97d5c9e4a9Db712DBf5f747FCd8EE3E0,13662,13662,0,0,0,0,1
0xA2E83eb540f4d1488C41F09d9920328C6EE3520C,13630,13630,0,0,0,0,1
0xbA7Ed7Dd49D69D619218015a67Dd451de4F0ad64,13610,13610,0,0,0,0,1
0x244dE46Bd187184C3b924A6f6BD68d51Ba9a8947,13598,13598,0,0,0,0,1
0x4197A2cE17effeEbF9ECEC8D278f65bAB7B3193c,13578,13578,0,0,0,0,1
0xe2134F43136D10954B0B9a41D348344E3082deB7,13525,13525,0,0,0,0,1
0xB83a685Ca18875551D01A7210687B5CB6A8d78f2,13522,13522,0,0,0,0,1
0xb556B4fb9252DF93B873f2b416ce5f3D106Ab251,13510,13510,0,0,0,0,1
0x33DC17BC9B5f3B4d8C6A2388e09732DfC7177AdB,13460,13460,0,0,0,0,1
0xb400e171c46AaD35BCEA4A7B4F7ff8b6182ea024,13422,13422,0,0,0,0,1
0x25BbE8f7Bc400065171a584aB1d6a6D154C755a3,13404,13404,0,0,0,0,1
0x2f3A21481e8256E6Cf9202433a21734166aD627E,13382,13382,0,0,0,0,1
0xB64AAe5357D19DabbDeb25626f9aD39c545af9ca,13327,13327,0,0,0,0,1
0xAFD5Ea9e564eF1048E8f7a017463110CD393D3cB,13310,13310,0,0,0,0,1
0xe0d6b0aEB165643EC166a7158eDacE5bdC40A456,13306,13306,0,0,0,0,1
0x0a35EfF316b5F24b4b85a0252f1Bb09c416953F9,13283,13283,0,0,0,0,1
0xDC9F5FAea92b6E02F03d74bCB36B6768C0159A8b,13274,13274,0,0,0,0,1
0xcf001a50c6ba7D83d5B83DF59486AcA10db24D48,13268,13268,0,0,0,0,1
0xD8D38F9A38397D7613b2Ad79661894A715133964,13222,13222,0,0,0,0,1
0x94eF50aFAc9c04572813F36Fb8D676EB400de278,13194,13194,0,0,0,0,1
0x83085a4013c9634EA947f9ce3252F13c1d63aF0e,13146,13146,0,0,0,0,1
0xe6933F8DB539f5A97b99Da6F5eA63F18D67Ce663,13079,13079,0,0,0,0,1
0x5Be7222Ff4A516363f3879d857d20dE50797E0Cd,13075,13075,0,0,0,0,1
0x8dA8E254aE211c60aa0DEbA314Ec2B11D0D4a50F,13062,13062,0,0,0,0,1
0x4F79ad0b0d32839332c58Cde67b73D3eE78c1d30,13030,13030,0,0,0,0,1
0x5BE916f99eA3FF4207769Cd42D325167e955540b,13000,13000,0,0,0,0,1
0x94c656883f4aF54a64Ec17211cBe05dc663e5cD4,13000,13000,0,0,0,0,1
0x51372de83F2eaC13C5Bf30517759eb9CB7AD8424,13000,13000,0,0,0,0,1
0x2C9247b4356E8e42Cd2d6313d59e41c09A78695a,13000,13000,0,0,0,0,1
0xDf61E7AD156AD3961a01d7131752eCa7926997AA,12991,12991,0,0,0,0,1
0xDcFBb6BDf6a0B435e01b89c707560280C0d9Be36,12986,12986,0,0,0,0,1
0x3a23b2C73EE9A9d7A52cda5AE99aCc2Fe0a5B143,12974,12974,0,0,0,0,1
0x801457570edA6B6D5f6E93628496d901240Bab9C,12956,12956,0,0,0,0,1
0x9f7C2a6B2474E8678E8Bb6134f7aF3a3DCD4D9CF,12909,12909,0,0,0,0,1
0xbc4b810952f285B163D6bbd4ebF52B31d4FA2301,12900,12900,0,0,0,0,1
0x66bae105057e789B92e926C41b055d3951957C12,12892,12892,0,0,0,0,1
0x65d372089422Ff50f0E157eedF77280B1822b0e2,12889,12889,0,0,0,0,1
0xBB3339Eb60E2e29b003bdcB1FD1F2D1286196a8b,12875,12875,0,0,0,0,1
0x1baD9B11E494B09DEea50BDA6716A5dA5c3A22b4,12861,12861,0,0,0,0,1
0x8000893D584A6c1649e4ef709E0196873901429e,12854,12854,0,0,0,0,1
0x491E76B34B3080Dd173b7dCDC5Ed3C0FC76e546f,12854,12854,0,0,0,0,1
0x8789740681b6986873261A48B638610F5b0EB4fb,12853,12853,0,0,0,0,1
0x4B7df96502E16Af9B467E0A374B6ed9d8Ae89d4E,12847,12847,0,0,0,0,1
0xC6BB425ab18c03017A4C37D0055c32558F3b69d9,12791,12791,0,0,0,0,1
0xDB0d643cC33fc427928fb5078D877A237f4C16b0,12773,12773,0,0,0,0,1
0x97d1840bf53D9B43c4362d48886D1a83B0b10699,12765,12765,0,0,0,0,1
0x2aB15c19752F060569440808DdaE57341051c605,12761,12761,0,0,0,0,1
0xfb764700c0923aBB0C5622aAd5d21b277aB85292,12740,12740,0,0,0,0,1
0x03ae4ecadD9881b1017b37F4dCA193f4f384C8E8,12720,12720,0,0,0,0,1
0xD05c8f8feCE6445473340561cDf79376EAAFd3bb,12717,12717,0,0,0,0,1
0x9E497e515c6232eA7CcE21B2c0a703C47e6126A4,12706,12706,0,0,0,0,1
0x7D08dd127e4D3058310a98061152bCE35A4Ad55E,12680,12680,0,0,0,0,1
0x890F12fc9Cc635Fc7c4762dbF4771F7ABE6b7404,12673,12673,0,0,0,0,1
0x11Cf5b462441C4520145785C206659305F36c43d,12670,12670,0,0,0,0,1
0x92E01A64719fa1530FA3e38a20AE333033F9624f,12664,12664,0,0,0,0,1
0xE18f2E202862588c3D7b8d6E6126A12a1db83284,12625,12625,0,0,0,0,1
0x8350D66aaa8F7461BC841604dCB81bee7F28a5dF,12611,12611,0,0,0,0,1
0xFCBDc53CD040A059Ec477D4442CFc839949Bed90,12600,12600,0,0,0,0,1
0xD6761c58cB90FA31d3e7DA1408Ca08321D1aB6bE,12600,12600,0,0,0,0,1
0xDa178BA698364f1609CA6A7d13D5966E87D0234c,12549,12549,0,0,0,0,1
0x59660Db50C53A0218Ff5aF7F138A4bCC23c8aD0F,12533,12533,0,0,0,0,1
0xFa862Fe167028034338912763F8c0A9d1778D88A,12485,12485,0,0,0,0,1
0xffeD5F0F667638D786D7ba73551Bc3d37a2Cdb07,12463,12463,0,0,0,0,1
0xbE14555c26aa4d2C05d50FA4d7C5366A3f909F3B,12449,12449,0,0,0,0,1
0x326CA7EBaF5b489eebf3FC9FB055Ae0F9c710730,12434,12434,0,0,0,0,1
0x70c66A55fa0E39eD90055CE422432fBD8D4DaeA8,12416,12416,0,0,0,0,1
0x623Ab053E9B270a8B8444a77bBeBe552E3971FF3,12363,12363,0,0,0,0,1
0x4e86975f37849d60b8636B4D4CE844eE1ddf552b,12361,12361,0,0,0,0,1
0x9453168cAb6465312c7D677249218f81B616a4DB,12316,12316,0,0,0,0,1
0x078d179e25ebe7a930f8EFB863141236E9ff508b,12257,12257,0,0,0,0,1
0x2E26545910d3A9cA706728c117b7Dc1467305502,12252,12252,0,0,0,0,1
0x23b8195859eD5fd6B70859E99471D1D28066bE46,12227,12227,0,0,0,0,1
0x6a6f148F2201c793E29b8709fF96a5643044152c,12211,12211,0,0,0,0,1
0x8ed0d09C64be5dD695F3F0bA6FbACFA6af6a25EB,12209,12209,0,0,0,0,1
0x6C5CB5265251789a8A84e3E853E8d07A42118Bbc,12193,12193,0,0,0,0,1
0xE62ff862000240b315B65a1d69488D86362FfCe7,12186,12186,0,0,0,0,1
0xF93eeec60a8CF901F30Aa1849eB51Cfb67c3cF91,12154,12154,0,0,0,0,1
0x5867a7294B71d518eABB8568a63555D2065aDFdc,12147,12147,0,0,0,0,1
0xDd18c6d9347f77F177C7B4533B4346Be0A1F289D,12093,12093,0,0,0,0,1
0xEAB194111738A63c7752565A77000d015BCD34Ed,12042,12042,0,0,0,0,1
0xB2Aadf6BFc0a5213acb9c279394B46F50aEa65a3,12040,12040,0,0,0,0,1
0x7E9BF35E16E86e7474928971a34D0307112aFF49,12031,12031,0,0,0,0,1
0x3C97d5769E835fA3fA90c8EB5a79Be274BC65553,12010,12010,0,0,0,0,1
0x7a0241aca30D727122048dE74FA0eAD445e2e5CF,12000,12000,0,0,0,0,1
0xCEaA12124868C0be10642DA1e42a0670d64F8296,12000,12000,0,0,0,0,1
0xDA8e165186F3D0faF199860aA275493081412092,12000,12000,0,0,0,0,1
0x62B6271A45A8c0427dA370baEaf878B654d2b43A,12000,12000,0,0,0,0,1
0x809e7dE373abcE35372584f8739dEB644985f1f8,12000,12000,0,0,0,0,1
0xd2f61Ca82109BeEd0f9f4984Bd92bAD124a22F9d,12000,12000,0,0,0,0,1
0x8Cd0faD27Cf780dE2B1813859b4F8170E6323Dea,12000,12000,0,0,0,0,1
0x8dFF7481816eD07944BE3c0a6d257e607e76732b,11999,11999,0,0,0,0,1
0xB8a004cDc2DEd3a6FdA11bB31Be9e415818383a6,11999,11999,0,0,0,0,1
0x957483511f76e94465b6A9D4a40cc3caA0D11Eb8,11999,11999,0,0,0,0,1
0xc40D51f6259EA2A2c1015313Ed0C9B0CFA899338,11998,11998,0,0,0,0,1
0xF942E16dbD5D808d1A94E4BF9F70541053599615,11977,11977,0,0,0,0,1
0x79604CfA6712FcCe0e8cE51C6CA73951eF4e8dD0,11926,11926,0,0,0,0,1
0x0BCE9D3AbfAA89d4B2944937249028688f08AaCd,11925,11925,0,0,0,0,1
0x237F8F141FD8334b45557E1FDD45Bdf1Fadbb29e,11893,11893,0,0,0,0,1
0x365228e3286374bb1331BDAF9500db69531dC39d,11891,11891,0,0,0,0,1
0xecEb992fd036fb83b79eeb62b3A439FBb42f24Dc,11890,11890,0,0,0,0,1
0x0B921096D29597cBACDc4b1f8497f0b087c34253,11878,11878,0,0,0,0,1
0xfc56FB18AE3B89729624799bd06C303A55cB9a11,11875,11875,0,0,0,0,1
0x1Bc75049F04d70378B2bc82CA91280b89b893102,11851,11851,0,0,0,0,1
0x3615835265aED0e15241d699a160a60818b61f38,11839,11839,0,0,0,0,1
0xeA77C1946E6C866f74a479c1Bd1186E63F9dfD2c,11831,11831,0,0,0,0,1
0x23EBb66c11942B3110F8EFAEFB30bb6fC8C852c6,11809,11809,0,0,0,0,1
0x6D618c0bAa759E6bfd3A57B3C791D1251178A042,11795,11795,0,0,0,0,1
0x4E34FD6c59db8272E9BA6004d3aE687DDF08ceFd,11790,11790,0,0,0,0,1
0x8C10C675B9aEe3CB7dcA0c455f4B94d45367ddbf,11747,11747,0,0,0,0,1
0xA58aC80b7509b8e5F306233250E461c0A7a33c73,11731,11731,0,0,0,0,1
0x8d509b5d2e0D45263b548f762e34FD7892589BaD,11730,11730,0,0,0,0,1
0x80a349B884Abfe914B68D9cd0F96746Fa3fC2746,11706,11706,0,0,0,0,1
0x53aeE00c77c3088e037E5a317cac2C9f5B3aAafD,11656,11656,0,0,0,0,1
0x3Bfbd9F58F7180a142ABbE537FDfE7681c7C6764,11656,11656,0,0,0,0,1
0x7b39C4C03B8095f3fb5127202a740018Eefd4d52,11641,11641,0,0,0,0,1
0xcAe36d65b537C4E47ED54cF0f8A9b90C86514b49,11575,11575,0,0,0,0,1
0x0c648317fA653AB773475cCF1506e0e2D0FC6E9A,11570,11570,0,0,0,0,1
0x968604577a144D6e8d1eE357f6422Eb0a32a356A,11535,11535,0,0,0,0,1
0x3efE9448AC242278F2052F04bF119b68eF0447f3,11511,11511,0,0,0,0,1
0xC565047Fb8fbf7E5B943d3aB7551738D85697bcA,11500,11500,0,0,0,0,1
0x03f655C2c601B650a0ff1733CB06037700fC0E3c,11498,11498,0,0,0,0,1
0xda507294bfaB5Ed3fd21c2e6Ac7D3DB8AE51D515,11459,11459,0,0,0,0,1
0x1Ba82dC81331e56554a2a0Fca09011ca774fa8E9,11435,11435,0,0,0,0,1
0xC3642c133544c61C7FfE3D706d2a4A2A2d26c162,11435,11435,0,0,0,0,1
0x4CA5cABC0f4C3875588678AF8ed09233060b34C5,11420,11420,0,0,0,0,1
0x0F6D7f26842d017E82BC688aC5C4Ed898FBF11e5,11397,11397,0,0,0,0,1
0x7842c0b2773ad16D0E0f00E24815c04f700A7d33,11361,11361,0,0,0,0,1
0x4bb9F0008B7d69fd896A85A0652304502E6BC4a2,11358,11358,0,0,0,0,1
0xAA642419B35a7c1Ab19c9F3CC686E4322b24240f,11339,11339,0,0,0,0,1
0x4e0BF09A1FC6E1BF4680E629a9D73ee3eECaB4db,11336,11336,0,0,0,0,1
0x9514ea5689AF6f6B963e2b1E105D9C94d572FF58,11321,11321,0,0,0,0,1
0x8f6166eC3CA7779d465488A9360ce19fB7936a91,11313,11313,0,0,0,0,1
0x5437B1F82f5A37B6cad1577b4a5D2Ec11312b5b2,11300,11300,0,0,0,0,1
0x56896e4b42aABBF4F6F47f752F87555060362201,11251,11251,0,0,0,0,1
0x4E1CA9d60370E09E02f1d2E0f15e2926DC2a1eA8,11241,11241,0,0,0,0,1
0x38F825C3365e8Bf8a135e50CA830f63D2592251C,11240,11240,0,0,0,0,1
0x2dF4ad09Ca2164c2C80DAFed53b00d9f0C20bCf6,11226,11226,0,0,0,0,1
0xA76a81B1d39b4dC782d84A12e0fe8827e16A4E31,11214,11214,0,0,0,0,1
0x87E91Ba7B65f6281F205bE19A72217De5FD851b1,11200,11200,0,0,0,0,1
0x78FD7AFD41052e6fEc26750589dBfFD1529ede32,11170,11170,0,0,0,0,1
0x73A9DDa27fA7B25E34b109726602749efa30eb11,11078,11078,0,0,0,0,1
0xBa8e9bD5C2c133b75EC51285A9232ba53Dacc502,11072,11072,0,0,0,0,1
0x40E5daa7DC25Ec4B6C87bd34e6d841C0A0f4E427,11070,11070,0,0,0,0,1
0x909d6c00450e098ef893f26BFe4FaA8513018cD1,11068,11068,0,0,0,0,1
0x80091504D058407b42fC6c063f3ffB7443EF9D0B,11068,11068,0,0,0,0,1
0x4Eaa53130475Db8E89D290AD784A680b96CFd038,11039,11039,0,0,0,0,1
0x6f9F3D857cd5fe914E6Ac42073047Ec7F9a958bC,11029,11029,0,0,0,0,1
0xbE955eacbcC207a72F1747AC0A6F93a30031d42E,11020,11020,0,0,0,0,1
0xDA8C160Be326E2F67e147E1B0BC4e5010677a168,11014,11014,0,0,0,0,1
0xFBd9cCE933C59CF7550C4252a5D6dC5871a3eEF2,11000,11000,0,0,0,0,1
0x98288D9247713126b687BEc457a88F8b2E21bA3b,11000,11000,0,0,0,0,1
0x369F325C0d7Da66884e6F8B248b8ced5EB75C38b,11000,11000,0,0,0,0,1
0x93fC4068d4F940318e9A8f5B7e5c34683b43c35F,11000,11000,0,0,0,0,1
0x03a0CE123B948797e72723571bb70F5a2CA851ec,11000,11000,0,0,0,0,1
0xb5A81d975D2f7Fb9B09F742DD7e0B09d55Ed3149,10972,10972,0,0,0,0,1
0x20fdc1Ea137545397a35633B47A5e4cBaDb41515,10960,10960,0,0,0,0,1
0x0D3bB87e228b256BdDdA032fAebACa8eEaE3e22E,10900,10900,0,0,0,0,1
0xde699bEDF464A7AE064fD2BE99F9F2C1d1A17C89,10885,10885,0,0,0,0,1
0xe0b990C28858507dAFB34889FC9a30EdD7978b69,10883,10883,0,0,0,0,1
0x022F63E578aC88E306F6194f4E7F76cf38b8fe6d,10874,10874,0,0,0,0,1
0x561a4D5D24Df36020d721aefeb34B890EEA5Fe5D,10860,10860,0,0,0,0,1
0x868CDA0536625dC17dAf423F1B4b1770069CEC0C,10838,10838,0,0,0,0,1
0x3716905b040D5cd8a7DdE784918199117d72c3B3,10796,10796,0,0,0,0,1
0x597B71B1778E8B5D34a4fBD21C11f9846676b938,10795,10795,0,0,0,0,1
0x292eD54E29Ed5b3Cc69eF0Ca5586ED2B27799056,10781,10781,0,0,0,0,1
0xeCF97CC3dde81e9597f07B193fa6aB608db9EF66,10746,10746,0,0,0,0,1
0x69E3327d256eF082BBbD575633Ec3aE8C32A4827,10703,10703,0,0,0,0,1
0x5BE534536a1185cA6Fe4def62F15418036C277fD,10700,10700,0,0,0,0,1
0x3C8B4375df3d871c5fAe1803c4324Fe6299FBE81,10680,10680,0,0,0,0,1
0x44688bC7b222c34Bb74050966557Ac7B8e333bb4,10660,10660,0,0,0,0,1
0x437fc7Ebd8Df0F1DeF493a4b0C4cD4A93437F1B7,10659,10659,0,0,0,0,1
0x713617c57A5CedBF9fDA9EA389746694035bD51D,10648,10648,0,0,0,0,1
0xBc013857FA476BE28A30c31D548D3cfcE09bfb3E,10641,10641,0,0,0,0,1
0xD77E06Fe0dB40eD225F42aD9036c7eDaE754e019,10639,10639,0,0,0,0,1
0x631cB802853f381B887CA65381adf85453330b25,10638,10638,0,0,0,0,1
0x6c882c66d088a25e28aed56a3699a47e201E573B,10631,10631,0,0,0,0,1
0xD7b60A3e90ae8BA32A4A1ba1cEC554b42F94344C,10619,10619,0,0,0,0,1
0xDe3fCc30cC30300BfF9c1c7C5453d29094bCf7c5,10605,10605,0,0,0,0,1
0xE0028a04C2c65580e781454da4Ef27A8235d4208,10586,10586,0,0,0,0,1
0x13955eD18481405B31F8d6e83071FE935ad22c03,10550,10550,0,0,0,0,1
0xEc068827dc30eE26be0E9B8075919d7a7d33099A,10511,10511,0,0,0,0,1
0xF8bf8Eb2aF1936f0B4781e99Bb1cF27B08315084,10499,10499,0,0,0,0,1
0x3046880C115754aA0F2272772421EDf80cE4E17B,10498,10498,0,0,0,0,1
0x3827A1CF0ac4ECDedB71167b29C18AFA9dF57a20,10495,10495,0,0,0,0,1
0x5CD1619791E3b768cAF4a573406F18f33c12efb1,10492,10492,0,0,0,0,1
0x45F7F89072d946AfC184491bb3237cdE3Ab1477B,10477,10477,0,0,0,0,1
0xc0fCAf4c8c39A168d34250706ac960809EF4CF83,10477,10477,0,0,0,0,1
0x94b30Bc46359624A10224092C3905b9341967E5D,10463,10463,0,0,0,0,1
0xa94a8763B83d641d82b0C3b2ae9E2b8EC025018A,10445,10445,0,0,0,0,1
0x883d0fAF945Fb85cE4cdbB3c2Cd5Ee4E851b9640,10443,10443,0,0,0,0,1
0xCd541D88B87158F775e6Db418fA02B7fC4b4E78f,10440,10440,0,0,0,0,1
0x4e00E6C98DB3c90eCFf2B3F13D0444c30A6b5212,10429,10429,0,0,0,0,1
0xc7610188Eb55b700cf89D6461b1b559d6718bb77,10416,10416,0,0,0,0,1
0xF1CEd9206fa3A28B96327ddcD6480e21b466D3ad,10410,10410,0,0,0,0,1
0x223F073524ce324011f2EdE55e6d10E6cc3f98b4,10404,10404,0,0,0,0,1
0x5Ef45e5626Ea31ea50c0a4B107D6382C5DCF946E,10400,10400,0,0,0,0,1
0x20E9c6df300C316bF62d3B211F983207e56F35e1,10395,10395,0,0,0,0,1
0xA5af23da658855FA8055ee36e78045d2E02Ad13e,10364,10364,0,0,0,0,1
0xE21e1D164085a043d977A73CC6146c436ccE038f,10357,10357,0,0,0,0,1
0xC7c127028cD330C09C31f18F0CF29D6dd9E8CF0c,10330,10330,0,0,0,0,1
0x12eD00FAb638248653675742eae994E2e252bD98,10329,10329,0,0,0,0,1
0xA18097A53eacF1F10cEF5BE650bC916a7146c012,10305,10305,0,0,0,0,1
0xC952786AF58BC5350702f52CD2b24339e02dA9df,10291,10291,0,0,0,0,1
0x6F4D0E110B91424D7ac49e90c710D9e326a554f2,10286,10286,0,0,0,0,1
0xBe9b175D07c3B519382a713dD2D0c53D51511070,10278,10278,0,0,0,0,1
0x637A54788986A31446BAb9BE8A3058BE3f13531d,10273,10273,0,0,0,0,1
0x4eB13c6C8EAcEA78b203c86263F461923E509e9A,10264,10264,0,0,0,0,1
0xacd67c3083B9e0e2d378b1eC77d6532571dc634E,10251,10251,0,0,0,0,1
0xA41e15262e0bFE36E49099de522bce1aaA892aB6,10231,10231,0,0,0,0,1
0x22194B69Ba4E7B781BfB0D746291ee4Fa545a65e,10200,10200,0,0,0,0,1
0x3282aED466733FD4E5dEC1488D5872F5F2b91B23,10197,10197,0,0,0,0,1
0x45fCfb198e9bA44c34F182CD5518F8D4aFBBD146,10194,10194,0,0,0,0,1
0x77d42F4c2b045DE2C0e7ee0d29A1eD6A24aE42C9,10193,10193,0,0,0,0,1
0x9dFdc96123a55bC66CdBfbCa81799dec8ec5B899,10193,10193,0,0,0,0,1
0xE5fD4Bbb182299392957Cec5800cE45599eaD314,10185,10185,0,0,0,0,1
0x53bCE0ca9Cdd9A43eE742C84b1c0C2Efaf0F500f,10168,10168,0,0,0,0,1
0xc21baAFe72112d87382Da15df287944B64d7236D,10163,10163,0,0,0,0,1
0x968E95C3512b5b874ad67d00EE1Bd213b53AC875,10145,10145,0,0,0,0,1
0x67776B1B56401d903b9706b6d9073079b2587833,10111,10111,0,0,0,0,1
0x4A32dBdCEa6e034E43904f384bA098f99940524E,10107,10107,0,0,0,0,1
0x1b92666e873Dfbb47a0b09907d8e1d050315C5f5,10106,10106,0,0,0,0,1
0x78108b986a84671F804FD3967A9A7A2F2c17c82a,10106,10106,0,0,0,0,1
0x8c52C3cE63cbB47EBb61EC8a3C97aA52eB8f6396,10102,10102,0,0,0,0,1
0xc94DbD814c07b1DF746F809e582C6664bd3DFCd5,10100,10100,0,0,0,0,1
0xF6358Ad55905aC623B3b2d28e002b39C92DB91B0,10100,10100,0,0,0,0,1
0x8C4C7956403Ef2fc6D47f7a6AEC8eE526557B888,10073,10073,0,0,0,0,1
0x78284E897e4432259d6681E5aA0cc49fce03C8F6,10068,10068,0,0,0,0,1
0x7ECC85127209aAEB230E1EA404930643d1A2e2A9,10058,10058,0,0,0,0,1
0xd3214e71d679F4fc7450B650ad5Ba54534Ff59C0,10052,10052,0,0,0,0,1
0xE942494C819944c3B0766797a2d3b1e33B5c2B49,10050,10050,0,0,0,0,1
0x563254B7c1DD3332bcce0e15D3e64b0efcB8F6a3,10039,10039,0,0,0,0,1
0x14df5677aa90eC0D64c631621DaD80b44f9DeAFF,10030,10030,0,0,0,0,1
0xBa63da035Ca7df2DbbaF9295Ef0B5bCdCD85339C,10023,10023,0,0,0,0,1
0xc0c1c52eC9f6D85818D4De76b8A77Ae83043fDd8,10022,10022,0,0,0,0,1
0x67Fc3c16227a59e7457C872d010d706C51468cCE,10021,10021,0,0,0,0,1
0x14BD8fBED206BCB76921e1f35a85123D395d9F84,10020,10020,0,0,0,0,1
0xC619Ed6ec6cda75Fa470947c1E8377f40044F9A8,10019,10019,0,0,0,0,1
0x3B7ca8E16c7E0b2736B1948c25AE72EDeaedaA3F,10017,10017,0,0,0,0,1
0x1EA92e3FD95256Dc88b618d6d311AD5015bEBccB,10016,10016,0,0,0,0,1
0x98cd924d978F0eA4D87d07d58CF1C72B07A6d697,10009,10009,0,0,0,0,1
0xfe77FEEE53FDce3Fc22B5DD149695AC136e624eC,10009,10009,0,0,0,0,1
0x2812C78ac1954a75b122D911C6737CA7CEa0eB93,10001,10001,0,0,0,0,1
0x1D8c1f32c6223Ab2B6209143680812188b44ae72,10000,10000,0,0,0,0,1
0xE3Fb0f7dEED2467dE9aD85C8d2280FBcBCe84658,10000,10000,0,0,0,0,1
0xC0FD0D8604b64680752d40d3E58A253A728C52B5,10000,10000,0,0,0,0,1
0x75b6fF841fcA5467272d1F4769f9EE5685A4ef20,10000,10000,0,0,0,0,1
0xa2F592A12A5cB30656A61d0430e830d0C919d3f3,10000,10000,0,0,0,0,1
0xc0912e5EaE27DB642BA4345270FD4d9d5A44d709,10000,10000,0,0,0,0,1
0x45438a2a3fd36239DCeF8f36829b74bC176E9B4C,10000,10000,0,0,0,0,1
0x1721E4489fE2b2A9a8c95256028e7f3025c50569,10000,10000,0,0,0,0,1
0x737E0802f500B49Ef0D2A275b3A1B70c3429AA2B,10000,10000,0,0,0,0,1
0x7a0CE9B72ab0E8C55f3E088d2A6f57863b06cdE0,10000,10000,0,0,0,0,1
0xb29303D1CEC3d74A309d030BC01Bae1DF9c1A5d0,10000,10000,0,0,0,0,1
0xF7e74A9a394226058E14BFc17deafDB76eeBbb25,10000,10000,0,0,0,0,1
0x0D359a233E0e7EcCb24c2020BEC8E679a0263A02,10000,10000,0,0,0,0,1
0xe2b0cFEDF461C2671c6034f0270C97CBB838C4b7,10000,10000,0,0,0,0,1
0x4464e7D113cb459Bc90977b0a9C2F0A14f6216af,10000,10000,0,0,0,0,1
0x21cD977819912f637F8F15fddfD72792ab87218B,10000,10000,0,0,0,0,1
0xC12183650A984e57fBA768eF698E08c4DC03Ee0E,10000,10000,0,0,0,0,1
0x023af63fefce7dA026459C0C00f8d0eB79b935C9,10000,10000,0,0,0,0,1
0xd4eE97d01FFb8794a79089F4A7ced8bc40C0a06e,10000,10000,0,0,0,0,1
0xDC8DAFB89613Bf627Fcc1A75d7FA4A6Dd57036D6,10000,10000,0,0,0,0,1
0xa8aeA5d3f605C82Cee1345808197270d96c4bfb2,10000,10000,0,0,0,0,1
0x31CdaC24EA5c582848579aeAC2eD01AF71eCEE6c,10000,10000,0,0,0,0,1
0x7F8f17Fe95175f86ee31422930Fd96cE2085ADBB,10000,10000,0,0,0,0,1
0xc172fC5D1E2C2Efe0d319aeDfD468391456A4879,10000,10000,0,0,0,0,1
0xe4E6733DDb6a0CA1649e5C108b95e86473A987a6,10000,10000,0,0,0,0,1
0xbeA9f234766a2AD90c5C7574bBBFd2D02f26e573,10000,10000,0,0,0,0,1
0x95aeDAa6C1EC96F31D8130e110B3DFd628971f11,10000,10000,0,0,0,0,1
0x59c22A33B45b6EB413c0Fa3bC7C5E8b5bb752Ee5,10000,10000,0,0,0,0,1
0x6dF5C112dDDFCb5Ad71B7E369aA477D9F162a82B,10000,10000,0,0,0,0,1
0xB42B226c653132a27aD491C1027E4107025Dd8EE,10000,10000,0,0,0,0,1
0xc96ef17C12705d4780433984CB2B2C4F5F1444DB,10000,10000,0,0,0,0,1
0xC50DF820A48bCCd99719d8E8693C545dd6284101,10000,10000,0,0,0,0,1
0x234c506b1e8844de248f6CfEEdCf3A7438f3e3Ba,10000,10000,0,0,0,0,1
0xAEE4FB91F5eAeb0bF846B9F2Ea1dBe21f684C9d0,10000,10000,0,0,0,0,1
0xf1Ab4E3455A1dA2DBF16260Bc7ec37EfDa240eB5,10000,10000,0,0,0,0,1